"p_val","avg_log2FC","pct.1","pct.2","p_val_adj","gene"
0,-1.83438456839396,0.432,0.78,0,"RNASEK"
0,-2.21750713354683,0.179,0.505,0,"C11orf98"
0,-1.71129048637405,0.464,0.738,0,"CRIP1"
0,-1.93405347259693,0.498,0.77,0,"FO538757.2"
0,1.11157315284584,0.945,0.722,0,"EEF1G"
0,-1.40680619191097,0.622,0.827,0,"IFITM1"
0,-1.72019940902574,0.828,0.969,0,"NME2"
0,-2.29758582691977,0.779,0.918,0,"AC090498.1"
0,-0.965087380515285,0.831,0.919,0,"TOMM5"
0,0.690490094069108,0.994,0.968,0,"SNHG25"
0,-0.814403289109836,0.999,1,0,"MIF"
0,-0.434246272932307,1,1,0,"RPS27"
0,-0.296458118154074,1,1,0,"RPL37A"
0,-0.351061244583402,1,1,0,"RPL37"
0,-0.325814986305674,1,1,0,"RPL39"
0,-0.361730755066742,1,1,0,"RPS29"
0,-0.303365323406537,1,1,0,"RPL38"
0,-0.6388946608147,1,1,0,"RPL17"
0,-0.311610585061684,1,1,0,"RPS28"
1.47687852909261e-246,0.822279289562789,0.825,0.589,2.83412989732872e-242,"PAGR1"
5.43130816729444e-220,0.648572117795674,0.907,0.772,1.0422680373038e-215,"RAP1B"
1.02746327851858e-210,-0.261035908076921,1,1,1.97170203147715e-206,"ATP5E"
9.6464734138447e-209,0.543379197286542,0.966,0.897,1.8511582481168e-204,"P4HB"
5.11755077946001e-190,-2.04699083746981,0.1,0.307,9.82057994578376e-186,"MRPS24"
2.9888582109357e-181,0.837741652093989,0.807,0.612,5.7356189067856e-177,"TPSB2"
6.80883577209244e-171,0.37897941779312,0.997,0.992,1.30661558466454e-166,"EEF2"
7.74713754488655e-166,1.07077040633494,0.463,0.225,1.48667569486373e-161,"CTC-524C5.2"
9.9294499596725e-151,0.394216904597492,0.98,0.954,1.90546144726115e-146,"RBM3"
2.20585565633986e-150,-0.858080461689795,0.51,0.665,4.23303700451619e-146,"CD81"
1.37063235884889e-143,0.494787909917299,0.91,0.801,2.63024349663102e-139,"GABARAP"
5.86299396138892e-140,-0.912740648240534,0.482,0.632,1.12510854119053e-135,"ETV6"
6.2035652442317e-135,-0.426867576180654,0.913,0.938,1.19046417036806e-130,"KRTCAP2"
1.61768330818252e-134,-1.61891594713673,0.13,0.305,3.10433426840225e-130,"PAM16"
8.75521946227272e-132,-0.354344439208613,0.968,0.976,1.68012661481013e-127,"NDUFB1"
5.08481126314492e-131,0.271262586189337,0.998,0.997,9.7577528139751e-127,"SLC25A6"
2.75485088199771e-129,0.324107536100947,0.983,0.965,5.2865588425536e-125,"EIF3L"
1.25490598741721e-127,0.27578787869577,1,0.999,2.40816458985363e-123,"HNRNPA1"
2.12473563982843e-127,0.400270765309169,0.963,0.906,4.07736769283076e-123,"RBMX"
2.30423958348345e-126,1.15299009914859,0.414,0.22,4.42183576070474e-122,"C1QTNF4"
7.41108503447571e-126,-1.14092229319286,0.459,0.602,1.42218721811589e-121,"TPSAB1"
1.38504882850178e-125,0.324322765274693,0.987,0.967,2.65790870189492e-121,"PEBP1"
1.0690210375195e-121,0.834056968096869,0.493,0.282,2.05145137099992e-117,"EIF5AL1"
1.2385171331611e-120,0.472559887510309,0.892,0.777,2.37671437853615e-116,"HNRNPM"
1.18871314472601e-119,-0.797780641669861,0.491,0.635,2.28114052472921e-115,"COX16"
6.31425130793212e-115,0.541489654846938,0.828,0.697,1.21170482599217e-110,"LSP1"
1.2125105369442e-111,-1.29761685601913,0.18,0.346,2.32680772039592e-107,"PRICKLE4"
6.89527167630762e-111,0.299041164574094,0.986,0.962,1.32320263468343e-106,"EIF2S2"
2.144457719577e-109,-0.389099763105861,0.918,0.94,4.11521436386826e-105,"ROMO1"
2.66318879453725e-109,0.322659758269899,0.986,0.967,5.11065929671699e-105,"EIF4EBP1"
1.03977861537823e-108,0.486565171554707,0.809,0.656,1.99533516291083e-104,"NMT1"
8.38917712724379e-108,-2.10845503955634,0.045,0.168,1.60988309071808e-103,"RP11-437B10.1"
6.11133476266069e-106,0.339450713896994,0.969,0.937,1.17276514095459e-101,"TUFM"
9.32770134577611e-106,-1.5148109044412,0.126,0.276,1.78998588825444e-101,"ZNF749"
1.47285679381847e-105,-0.846021681351617,0.451,0.583,2.82641218733764e-101,"TRAPPC5"
1.82276543977867e-103,-0.749839944868091,0.536,0.658,3.49788687893526e-99,"RCSD1"
1.53145483468508e-99,0.722900260671163,0.528,0.349,2.93886182776068e-95,"CTSG"
4.68042979679387e-99,0.509068127777802,0.774,0.607,8.98174478004744e-95,"MTFP1"
9.6647082853673e-96,-0.923031680845269,0.317,0.467,1.85465751996198e-91,"CCDC18"
5.2842606028216e-95,-1.73486375392606,0.078,0.206,1.01404960968146e-90,"SEPHS2"
1.27090204321757e-92,0.265211767796594,0.989,0.967,2.43886102093451e-88,"TBCA"
3.07858302630023e-90,-1.6653496500307,0.086,0.211,5.90780082747015e-86,"TCF15"
5.90741362047239e-90,-0.776078495353778,0.43,0.562,1.13363267376865e-85,"NT5DC2"
4.70064431512072e-89,0.536400892795734,0.648,0.474,9.02053644071665e-85,"SMARCA4"
3.35733392442473e-87,0.663506450097981,0.541,0.365,6.44272380097106e-83,"HAUS4"
1.29297956392038e-86,0.453722687056481,0.808,0.678,2.48122778316321e-82,"PABPC4"
8.66371941913482e-82,0.296082133911773,0.966,0.923,1.66256775653197e-77,"SPINT2"
3.77865704859509e-81,-0.266106000573651,0.994,0.994,7.25124287625398e-77,"MT-ND3"
7.31422152521861e-81,0.599479649207853,0.568,0.397,1.40359911068945e-76,"NOL12"
2.87942817118123e-80,0.388521259043178,0.84,0.723,5.52562266049679e-76,"NDUFA7"
7.24947699573725e-80,0.473631714338997,0.752,0.617,1.39117463548198e-75,"ICAM3"
2.7510270341337e-79,0.314997352793047,0.936,0.863,5.27922087850257e-75,"COTL1"
3.56542180442352e-79,0.31728377480928,0.948,0.898,6.84204444268873e-75,"COPE"
1.9842868470906e-78,-0.638268095394799,0.532,0.634,3.80784645956686e-74,"MT-ND4L"
5.65295665558388e-78,-0.529615535662524,0.647,0.728,1.08480238220655e-73,"CBWD5"
6.67579945936429e-78,0.318116440627989,0.935,0.879,1.28108591625201e-73,"SLC39A3"
7.63179013916091e-78,0.929834737128473,0.266,0.129,1.46454052770498e-73,"TXNDC5"
4.57359450445718e-77,0.368159384510686,0.906,0.831,8.77672785405333e-73,"TKT"
4.45765995622538e-76,0.544402306159292,0.597,0.428,8.55424945599651e-72,"AP3D1"
7.9990510479542e-75,0.594376151639961,0.524,0.352,1.53501789610241e-70,"ATAD3A"
2.93451410475097e-74,0.351809569966255,0.889,0.806,5.63133256701711e-70,"TOMM40"
2.62078781801262e-73,0.433664302941607,0.787,0.646,5.02929182276622e-69,"TM7SF3"
3.02559342665146e-73,0.844953130573445,0.258,0.125,5.80611378574415e-69,"GNG7"
6.12878224942093e-71,0.875922551950517,0.287,0.152,1.17611331366388e-66,"MRPL38"
8.50205184539198e-71,0.395326676305951,0.809,0.688,1.63154374913072e-66,"PSMA2"
8.03167670193829e-70,-1.84760535747111,0.042,0.132,1.54127875910196e-65,"GSTM1"
1.22888201299817e-69,-1.46352628276978,0.084,0.191,2.35822458294349e-65,"HMGN4"
5.37702668199869e-69,-0.345326091551815,0.893,0.918,1.03185142027555e-64,"NDUFA3"
1.80777415576559e-68,0.334248547694404,0.872,0.767,3.46911860491416e-64,"LMAN2"
3.71599860998455e-67,0.942553254850043,0.239,0.117,7.13100133256036e-63,"RAVER1"
8.03537388969263e-67,0.626656925862758,0.423,0.268,1.54198824943202e-62,"DYM"
4.09439657034817e-66,0.573065933512171,0.513,0.355,7.85714701849814e-62,"ITGB2"
5.12709029817289e-66,0.250760507559125,0.977,0.952,9.83888628219378e-62,"H2AFY"
7.66773006681185e-66,-0.71856747617926,0.375,0.497,1.47143739982119e-61,"RPP21"
1.81485139495201e-65,0.803354866487326,0.308,0.173,3.4826998269129e-61,"GNG10"
3.7583381187476e-65,0.307549519822183,0.925,0.86,7.21225084987664e-61,"ATP5B"
3.81537028344751e-65,-1.17935772963871,0.142,0.258,7.32169557393578e-61,"DNLZ"
7.07238072433546e-65,0.396395755941661,0.779,0.66,1.35718986099997e-60,"CNN2"
9.09139863370486e-65,-1.8598512329675,0.04,0.125,1.74463939780796e-60,"RP5-821D11.7"
2.3082841257388e-64,0.430857637229901,0.758,0.631,4.42959723729275e-60,"GRN"
5.05421741895821e-64,0.30078383508922,0.979,0.953,9.6990432269808e-60,"GYPC"
4.33317218600847e-63,0.465299943705072,0.616,0.456,8.31535742495026e-59,"HPCAL1"
5.50976370493869e-63,0.266926036072693,0.961,0.917,1.05732365497773e-58,"PPA1"
2.1324579981324e-62,0.280878905164646,0.941,0.884,4.09218689841607e-58,"CAPZB"
4.47497366565418e-62,-1.45070122304299,0.075,0.173,8.58747446439036e-58,"GLIDR"
9.24411347867527e-62,0.377498682511123,0.845,0.745,1.77394537655779e-57,"APLP2"
1.88950152940633e-61,-2.00860570961912,0.032,0.109,3.62595343493075e-57,"RWDD3"
5.26370412441046e-61,0.506402364318875,0.564,0.41,1.01010482147437e-56,"PFKL"
7.72538124290396e-60,0.45651950428172,0.591,0.432,1.48250066051327e-55,"CHID1"
2.45002968955972e-59,0.762553354630513,0.316,0.188,4.7016069742651e-55,"RGL4"
2.0371369031526e-58,0.495328385732772,0.536,0.383,3.90926571714984e-54,"ACOT7"
3.7799554124624e-58,-0.76430418451166,0.341,0.45,7.25373443651534e-54,"GLMN"
1.10487608987405e-57,-1.15805197163187,0.134,0.24,2.1202572164683e-53,"C22orf34"
2.0576051393543e-57,0.37603038414611,0.738,0.605,3.94854426242089e-53,"PHF5A"
2.27038660070351e-57,0.422494405887785,0.739,0.624,4.35687188675003e-53,"LRPAP1"
4.46135057363698e-57,-0.476243152381814,0.877,0.879,8.56133175080936e-53,"HLA-DRB1"
5.55981127352554e-57,0.302675525552844,0.928,0.873,1.06692778338955e-52,"CORO1A"
9.74905739285431e-57,-1.67413459420955,0.048,0.129,1.87084411368874e-52,"CMC4"
1.39222899636537e-56,0.606153501047883,0.6,0.477,2.67168744402515e-52,"DLK1"
2.05678006478586e-55,-0.36451750647884,0.79,0.828,3.94696094432406e-51,"CDK2AP1"
2.64819570596893e-55,-0.250584741729377,1,1,5.08188755975437e-51,"MALAT1"
2.73091914874504e-55,0.28017587313534,0.915,0.847,5.24063384644173e-51,"AGPAT2"
5.02991886473952e-55,0.300536716311864,0.88,0.806,9.65241430143514e-51,"SSRP1"
5.53270527038285e-55,0.486310069629769,0.54,0.397,1.06172614138647e-50,"TRAP1"
1.18502591724402e-54,0.46969568342586,0.582,0.44,2.27406473519128e-50,"SYTL1"
6.45322251938551e-54,0.343465277739823,0.805,0.708,1.23837340147008e-49,"AHCY"
1.0474939672965e-53,0.596092671126209,0.377,0.243,2.01014092324198e-49,"GSN"
2.03541846808693e-53,0.285260813980997,0.922,0.872,3.90596804025882e-49,"PRSS57"
1.38920936413507e-52,-0.299061226565282,0.882,0.902,2.6658927697752e-48,"C12orf57"
1.95783969335959e-52,0.271378258897143,0.93,0.868,3.75709437155706e-48,"CYBA"
2.46723466543549e-52,0.251181127712829,0.944,0.895,4.73462332297071e-48,"UBE2L3"
7.0157159310771e-52,-0.995462335574776,0.16,0.263,1.3463158871737e-47,"UBE2V1"
8.05069707635264e-52,0.250216111951727,0.954,0.914,1.54492876895207e-47,"HSPD1"
1.71559409769759e-51,0.422798395632023,0.644,0.512,3.29222507348167e-47,"TARS"
2.18827534749011e-50,0.292806748442057,0.901,0.833,4.19930039183352e-46,"CRELD2"
1.45004219036133e-49,-1.43791760485893,0.062,0.143,2.78263096330339e-45,"HLA-DRB5"
2.40108315959413e-49,0.484803214045177,0.5,0.361,4.60767858326113e-45,"ACO2"
2.99493556186842e-49,0.421668197924665,0.586,0.445,5.74728134322549e-45,"SSBP3"
3.29506013144236e-49,0.316488032515792,0.808,0.709,6.32322039223789e-45,"NDUFV1"
6.09189001078175e-49,-1.04339217071465,0.132,0.23,1.16903369306902e-44,"ZNF521"
1.79776499415589e-48,0.295426715650448,0.844,0.756,3.44991102378515e-44,"RAC3"
1.00151948789241e-47,-1.24274914771948,0.095,0.182,1.92191589726553e-43,"APITD1-CORT"
1.21861387349867e-47,0.265993166884769,0.9,0.822,2.33852002324396e-43,"GRB2"
4.06717801167622e-47,0.754039994438989,0.232,0.13,7.80491460440667e-43,"TBC1D22A"
8.46874572951952e-47,0.309933224939346,0.786,0.695,1.6251523054948e-42,"MAP2K2"
1.42498230156712e-46,0.385236740350562,0.605,0.468,2.7345410367073e-42,"C7orf50"
3.1922167201336e-46,0.428097348911108,0.57,0.438,6.12586388593638e-42,"CTSA"
1.70936101139819e-45,0.287794296810747,0.861,0.792,3.28026378087313e-41,"ANAPC5"
2.41493717764297e-45,0.441846275022046,0.517,0.382,4.63426444389686e-41,"NCLN"
2.484283477538e-45,0.694886701903999,0.253,0.149,4.76733999339542e-41,"DIABLO"
3.6937349707338e-45,0.299879373468587,0.84,0.763,7.08827740883817e-41,"EIF3D"
6.25909096558601e-45,0.763817009706629,0.285,0.179,1.20111955629596e-40,"BCYRN1"
2.18698267186913e-44,0.53505823897291,0.356,0.234,4.19681974731687e-40,"DNM2"
2.4005814527588e-44,0.29395795765035,0.817,0.728,4.60671580784414e-40,"LRRC59"
5.13723809252117e-44,0.45258053250758,0.473,0.345,9.85835989954813e-40,"GCNT1"
5.14775697624031e-44,-0.949704589798424,0.164,0.259,9.87854563740515e-40,"TVP23B"
8.91468559945028e-44,0.460680682158918,0.456,0.327,1.71072816653451e-39,"KATNB1"
1.98690521338273e-43,-1.63203689779495,0.038,0.101,3.81287110448146e-39,"RP11-74E22.3"
4.04730427439069e-43,1.14718394089701,0.104,0.04,7.76677690255574e-39,"MAD1L1"
4.51990333536287e-43,0.392801389873698,0.598,0.469,8.67369450056134e-39,"NUBP1"
4.52886425490828e-43,0.459661348141252,0.459,0.332,8.69089050516898e-39,"HNRNPL"
2.48566568981665e-42,-1.57612315257246,0.039,0.102,4.76999245875816e-38,"POLR2J2"
5.95603479251093e-42,0.334660889214804,0.725,0.612,1.14296307668285e-37,"SMYD3"
6.52930556932007e-42,0.385539282645611,0.586,0.455,1.25297373875252e-37,"SURF6"
8.98525505765061e-42,0.417322232412134,0.556,0.426,1.72427044556315e-37,"SEPT9"
9.04759237138577e-42,0.284160110246657,0.815,0.717,1.73623297606893e-37,"GNB1"
1.16016853354657e-41,0.700941598704231,0.247,0.149,2.22636341587587e-37,"FCF1"
3.77713364285353e-41,0.414670169691464,0.563,0.445,7.24831946063593e-37,"TESC"
4.90721898933436e-41,0.722605951043255,0.239,0.142,9.41695324053263e-37,"IGFBP7"
1.10209392679129e-40,0.463219470478766,0.428,0.305,2.11491824551248e-36,"MPHOSPH6"
1.37348240304327e-40,0.487789221670675,0.369,0.252,2.63571273144003e-36,"ERGIC1"
4.05060690928484e-40,0.362662575873957,0.624,0.498,7.77311465891761e-36,"LAMP1"
5.72285331435388e-40,0.338257572688728,0.7,0.584,1.09821555102451e-35,"RPN2"
6.27744594751655e-40,0.285261804449941,0.791,0.684,1.20464187732843e-35,"CTSD"
7.64829711433391e-40,-0.408008350497357,0.877,0.906,1.46770821624068e-35,"HIST1H4C"
8.83974236820309e-40,0.60192598360653,0.29,0.185,1.69634656045817e-35,"GAS7"
1.49012392190299e-39,0.54334018889248,0.31,0.202,2.85954780613184e-35,"GMDS"
1.77125673214335e-39,0.440926845826439,0.464,0.342,3.39904166898308e-35,"PLIN3"
2.13087283223003e-39,0.63353892445854,0.202,0.112,4.08914496504943e-35,"PRDM16"
5.29467265391074e-39,0.495266170163554,0.345,0.231,1.01604768228547e-34,"NCOR2"
5.35649112815521e-39,-0.458388072756334,0.427,0.529,1.02791064749298e-34,"SOCS1"
7.39641077733945e-39,0.342820964738016,0.671,0.558,1.41937122817144e-34,"IMPA2"
9.30040515311606e-39,0.404051586307244,0.56,0.444,1.78474774888297e-34,"MATK"
9.43854125969892e-39,0.412876382342586,0.502,0.38,1.81125606773622e-34,"CSNK1G2"
1.34116376515308e-38,0.398060615605102,0.495,0.371,2.57369326532876e-34,"YARS"
4.13772785587129e-38,0.430493983134849,0.496,0.375,7.94029975541701e-34,"POLD4"
8.10816008232184e-38,0.263088441699041,0.847,0.767,1.55595591979756e-33,"MRPL4"
1.00902882494476e-37,0.325557415868101,0.699,0.585,1.936326315069e-33,"QARS"
1.45116600754839e-37,0.325284086672607,0.606,0.48,2.78478756848537e-33,"NFIC"
1.4843647161211e-37,0.296807211909223,0.773,0.68,2.84849589023639e-33,"UQCRC1"
3.05609029930022e-37,0.398470253547719,0.602,0.484,5.86463728435712e-33,"TFRC"
3.12120232625964e-37,0.280088244517542,0.752,0.653,5.98958726409226e-33,"SDF4"
5.89565114264938e-37,0.258526409642897,0.894,0.842,1.13137545427442e-32,"HLA-DMA"
6.01080213352076e-37,0.47657782712862,0.344,0.233,1.15347292942263e-32,"EHMT1"
1.16482170805026e-36,0.387683295594942,0.467,0.342,2.23529285774845e-32,"C21orf33"
2.1304859566553e-36,0.588134895844667,0.268,0.17,4.08840255082151e-32,"NGRN"
3.87156932801204e-36,-0.355607941088372,0.732,0.767,7.42954154045511e-32,"SNHG19"
5.21851856173555e-36,0.373491788177197,0.54,0.418,1.00143371199705e-31,"GTF2I"
5.62510268509209e-36,-2.15112861386698,0.068,0.134,1.07945720526917e-31,"RP11-1143G9.4"
7.57126551596146e-36,0.358446320358288,0.597,0.478,1.45292585251301e-31,"ATXN10"
9.71224822278491e-36,0.252505132032355,0.791,0.7,1.86378043395242e-31,"PTPMT1"
1.05038399756904e-35,0.424392381713449,0.427,0.312,2.01568689133498e-31,"THOP1"
1.08796612444172e-35,0.386888533603004,0.484,0.364,2.08780699280367e-31,"NUCB1"
1.57022639702805e-35,0.390069283760693,0.454,0.335,3.01326445589684e-31,"FAF1"
1.66497287027705e-35,0.486508577605714,0.442,0.331,3.19508293806166e-31,"SMIM24"
2.13480943026092e-35,0.286587657518656,0.747,0.645,4.09669929667071e-31,"CHMP4B"
2.7351170711028e-35,0.385082026114494,0.521,0.404,5.24868965944627e-31,"SGTA"
2.8648894703245e-35,0.345158153823785,0.622,0.508,5.49772289355272e-31,"SAE1"
8.91233168507557e-35,0.351225227853539,0.478,0.358,1.710276450366e-30,"B3GNTL1"
9.56474725594919e-35,-0.355377441791101,0.683,0.716,1.83547499841665e-30,"ARF5"
1.48016496175458e-34,0.39102467954445,0.414,0.298,2.84043656160703e-30,"C2orf74"
1.49858628136339e-34,0.495325096544563,0.327,0.225,2.87578707393635e-30,"MAP7"
1.62000852587588e-34,0.384424691721883,0.458,0.343,3.10879636115581e-30,"ADK"
2.31620764207815e-34,0.333883669466624,0.586,0.467,4.44480246514797e-30,"SMARCC1"
6.16397934469198e-34,0.276493729278121,0.782,0.692,1.18286763624639e-29,"PSMD14"
7.38633425053475e-34,0.388782057492319,0.523,0.408,1.41743754267762e-29,"LARP7"
1.12648146213376e-33,0.369565436497145,0.497,0.38,2.16171792583469e-29,"GUCD1"
1.24537814429606e-33,0.278416343116457,0.721,0.611,2.38988065890414e-29,"RNF126"
1.27927025491923e-33,0.296525825515893,0.678,0.565,2.45491961919e-29,"ECH1"
1.34044887369372e-33,0.400150968497112,0.484,0.372,2.57232138861826e-29,"PIGT"
1.72785671246402e-33,0.336502948034642,0.545,0.423,3.31575703121845e-29,"MSI2"
2.7223511678969e-33,-1.35123785546497,0.048,0.105,5.22419189119416e-29,"TMSB15B"
2.75828108136415e-33,0.422618732164596,0.407,0.296,5.29314139513781e-29,"THAP4"
2.85087271171448e-33,0.667524953356633,0.233,0.147,5.47082473378008e-29,"CTSW"
3.09613566038381e-33,0.368696791517004,0.437,0.32,5.94148433227653e-29,"PEMT"
7.58435081925415e-33,0.348719232495333,0.599,0.491,1.45543692221487e-28,"FAM46A"
8.29001855374519e-33,0.502065456001987,0.287,0.191,1.5908545604637e-28,"PEPD"
9.25493572979141e-33,-0.61680428083856,0.313,0.396,1.77602216654697e-28,"PSMD5-AS1"
9.49480729144989e-33,0.269135969229445,0.734,0.625,1.82205351922923e-28,"TTC3"
1.15923852451324e-32,0.728638868759993,0.157,0.086,2.2245787285409e-28,"PITPNC1"
1.404769462096e-32,0.287695671477851,0.688,0.582,2.69575259776223e-28,"TSPAN4"
2.51236962645293e-32,0.269419827385918,0.734,0.637,4.82123731316317e-28,"ISOC2"
3.02532411347189e-32,0.343426018081486,0.536,0.423,5.80559697375256e-28,"ASCL2"
3.1218140618116e-32,0.371078219732522,0.483,0.37,5.99076118461646e-28,"OGFOD3"
3.45915516633263e-32,0.421198119101408,0.414,0.307,6.63811876419232e-28,"CABIN1"
4.88482685069479e-32,0.344839376767076,0.559,0.448,9.3739827264833e-28,"PRPF31"
5.96961561662254e-32,0.376939362861542,0.491,0.378,1.14556923682986e-27,"RPS6KA1"
7.97544672747664e-32,0.345008965662256,0.525,0.415,1.53048822700277e-27,"MAPKAP1"
1.06305099940254e-31,0.510348488053284,0.277,0.184,2.03999486785348e-27,"NOMO1"
1.17266165244821e-31,-1.25931146126863,0.052,0.109,2.25033771104811e-27,"PMS2"
1.34046174548927e-31,0.299843600204884,0.687,0.58,2.5723460895939e-27,"NARF"
1.69490417984148e-31,-0.337355343153568,0.753,0.777,3.25252112111579e-27,"CD47"
2.07711277743632e-31,0.305349660417544,0.652,0.547,3.98597941990029e-27,"PSMD9"
2.66017774203462e-31,0.287581242089907,0.717,0.619,5.10488108696443e-27,"ATP6AP2"
2.80972225171251e-31,0.475158042099442,0.259,0.167,5.39185700103631e-27,"HAUS7"
4.85834509700772e-31,-0.969749757055488,0.096,0.164,9.32316424115781e-27,"SOX18"
5.51772908964995e-31,0.37718773938232,0.48,0.368,1.05885221230383e-26,"CHST12"
6.30145614551963e-31,-0.580349201303459,0.345,0.42,1.20924943432522e-26,"STK24"
9.38898424739409e-31,0.308397052464505,0.632,0.522,1.80174607707493e-26,"NEK6"
1.05698911718944e-30,0.301477651941678,0.57,0.452,2.02836211588653e-26,"ACBD6"
1.09281129024673e-30,0.301817486521025,0.595,0.483,2.09710486598347e-26,"ERI3"
2.24267873366503e-30,0.312947420960362,0.672,0.576,4.30370048990319e-26,"ADA"
2.85626036526039e-30,0.272943288066496,0.676,0.566,5.48116364093468e-26,"NAA20"
2.96993149733204e-30,0.500485166480629,0.251,0.164,5.69929854338018e-26,"SIL1"
4.86901906758697e-30,0.494001925427291,0.227,0.144,9.3436475906994e-26,"SKAP1"
6.00751800510794e-30,0.764977778346193,0.162,0.093,1.15284270518021e-25,"RP11-1275H24.1"
7.11979160627286e-30,0.326832428171496,0.54,0.43,1.36628800924376e-25,"SLC52A2"
8.4770772815987e-30,0.375512945741266,0.421,0.312,1.62675113033879e-25,"CAMK2G"
8.81364405894917e-30,0.332644844613477,0.599,0.492,1.69133829491235e-25,"MRPL45"
9.12876350309712e-30,0.482091758618124,0.294,0.202,1.75180971624434e-25,"CBFA2T3"
9.18272991369571e-30,0.357747070872572,0.475,0.366,1.76216587043821e-25,"GTF2F2"
1.15682540575993e-29,-0.306301143914483,0.737,0.759,2.21994795365331e-25,"CGGBP1"
1.17603120395826e-29,0.294761124183038,0.602,0.488,2.2568038803959e-25,"UBE2G1"
1.30215706071806e-29,0.294790979111626,0.738,0.645,2.49883939951795e-25,"XRCC6"
1.65417051869008e-29,0.298110485148849,0.368,0.266,3.17435322536627e-25,"BEX1"
2.04727317526885e-29,0.267695198403379,0.745,0.655,3.92871722334092e-25,"PRMT1"
2.17066988886552e-29,0.377979737495828,0.457,0.352,4.16551551673293e-25,"RRP1"
2.20626042156735e-29,-0.713657236322864,0.226,0.303,4.23381374898775e-25,"MTG1"
3.22010569018417e-29,-1.09519726028442,0.08,0.141,6.17938281946342e-25,"MSH5"
6.11133257500928e-29,0.257074918320908,0.639,0.53,1.17276472114428e-24,"DEAF1"
6.55548555122181e-29,0.847049707327026,0.119,0.061,1.25799767727947e-24,"PWP2"
7.52709880219435e-29,0.322905895711418,0.424,0.316,1.4444502601411e-24,"SPNS3"
8.58906031346503e-29,0.317425359280751,0.59,0.483,1.64824067415394e-24,"AP2B1"
9.77115607289827e-29,0.28135331996647,0.588,0.474,1.87508485038918e-24,"INO80E"
1.23745122769356e-28,0.253586705698299,0.744,0.649,2.37466890594395e-24,"SNRNP70"
1.32647921186212e-28,0.404262336787387,0.331,0.233,2.5455136075634e-24,"SND1"
1.75396244374203e-28,0.397488647799199,0.392,0.29,3.36585392954095e-24,"FBRSL1"
2.11028799417212e-28,0.252413546080866,0.731,0.637,4.0496426608163e-24,"SYNGR1"
2.4114532673567e-28,0.386518847083217,0.364,0.264,4.62757882005751e-24,"ERVK3-1"
3.1374848642745e-28,-0.309000745154305,0.732,0.756,6.02083345454277e-24,"SMIM4"
3.44684393725637e-28,-0.263025674226189,0.779,0.798,6.61449351559498e-24,"UBE2M"
4.1601709727343e-28,-0.56886631735914,0.303,0.377,7.98336809667713e-24,"FBXL5"
5.46739131385674e-28,0.286850652005561,0.563,0.458,1.04919239312911e-23,"WDR18"
6.65864210060128e-28,0.428846563009146,0.297,0.206,1.27779341910539e-23,"STX8"
7.79847864873344e-28,0.261505235290855,0.656,0.542,1.49652805269195e-23,"BRI3BP"
1.0729675713544e-27,0.445165629183951,0.258,0.172,2.0590247694291e-23,"SCARB1"
1.07791241392567e-27,0.378729366648263,0.317,0.221,2.06851392232336e-23,"MACROD1"
1.30717071085923e-27,0.294804500071126,0.482,0.373,2.50846059413885e-23,"FOXN3"
1.55038851218708e-27,0.315587912625945,0.544,0.439,2.975195554887e-23,"HSH2D"
1.71770580455778e-27,0.251142454574532,0.784,0.688,3.29627743894638e-23,"GLRX"
1.76620569234123e-27,0.288453093297838,0.599,0.489,3.38934872360282e-23,"ETFA"
1.84731224004229e-27,0.766160727467602,0.125,0.067,3.54499218864115e-23,"ABHD16A"
2.34805288789462e-27,0.444177410954989,0.272,0.184,4.50591349186978e-23,"BRE"
3.41887902638241e-27,0.266551416992716,0.692,0.592,6.56082885162784e-23,"TXNDC12"
4.04625961262381e-27,0.51200610803281,0.238,0.158,7.7647721966251e-23,"IL3RA"
4.52018337680028e-27,0.328162012520083,0.382,0.279,8.67423190007973e-23,"SYNC"
4.67963515362109e-27,0.369238910897059,0.451,0.353,8.98021985979888e-23,"C11orf1"
4.71578231262423e-27,0.374098243434273,0.447,0.347,9.0495862579259e-23,"NOTCH1"
4.82169566670085e-27,0.257711735476649,0.678,0.574,9.25283398439894e-23,"HADHA"
7.19293732023823e-27,0.364733177800046,0.442,0.342,1.38032467175372e-22,"HEXB"
8.06248658805947e-27,0.269394116556643,0.75,0.653,1.54719117624861e-22,"PDIA3"
8.06820880919361e-27,0.315120601789264,0.653,0.569,1.54828927048425e-22,"GLUL"
8.83350329217177e-27,0.344885104667766,0.463,0.36,1.69514928176776e-22,"TUBB6"
1.03956547821477e-26,0.27517749356613,0.654,0.558,1.99492615269414e-22,"C10orf54"
1.06970032779561e-26,0.250966825614196,0.666,0.562,2.05275492903977e-22,"PAK2"
1.10883958435221e-26,0.300487525285219,0.639,0.552,2.1278631623719e-22,"HOPX"
1.15222133163498e-26,0.564489554783361,0.216,0.14,2.21111273540753e-22,"CTDP1"
1.21356592553813e-26,0.341061732789458,0.467,0.366,2.32883301110767e-22,"PRKCSH"
1.28233040127567e-26,0.397243156511124,0.426,0.328,2.46079204004801e-22,"ARRB1"
1.66594429061997e-26,0.266691651609546,0.641,0.539,3.19694709369973e-22,"HSF1"
2.96737865730573e-26,0.262655809472379,0.842,0.793,5.6943996433697e-22,"MYC"
4.76352715919406e-26,0.332650387312055,0.477,0.377,9.1412086184934e-22,"TPGS1"
5.47418085343919e-26,0.250337870393712,0.629,0.525,1.05049530577498e-21,"PDLIM1"
5.51232768603496e-26,0.283006906611571,0.54,0.431,1.05781568295011e-21,"SBNO1"
6.26523533422949e-26,0.266155096162776,0.568,0.455,1.20229866063864e-21,"MRPL1"
6.35680784340572e-26,-1.10932964519695,0.06,0.113,1.21987142514956e-21,"NBPF26"
6.87762266046591e-26,-0.353262193665004,0.954,0.942,1.31981578854341e-21,"LGALS1"
7.14733099638926e-26,0.424209356821639,0.261,0.179,1.3715728182071e-21,"LONP1"
8.8694209960195e-26,0.378545696805233,0.38,0.282,1.70204188913614e-21,"LRRC47"
8.95677571638899e-26,0.525800098318572,0.204,0.131,1.71880525997505e-21,"PIEZO1"
9.56835066425843e-26,0.256231334293633,0.733,0.644,1.83616649247119e-21,"AHSA1"
9.74291334782388e-26,0.394316180701406,0.345,0.253,1.8696650714474e-21,"CAMKK2"
1.49141101616501e-25,-0.303561691278123,0.721,0.735,2.86201774002066e-21,"TRMT1"
1.57159890425824e-25,0.484852337802596,0.235,0.156,3.01589829727157e-21,"ACADS"
1.91608510728327e-25,0.644947900922304,0.14,0.08,3.6769673208766e-21,"TTLL1"
2.14280802401166e-25,0.375053629669737,0.348,0.253,4.11204859807837e-21,"BOP1"
2.2991135452016e-25,0.267548706511265,0.697,0.604,4.41199889324187e-21,"SSBP1"
2.82857504075323e-25,0.459599074016176,0.26,0.18,5.42803550320545e-21,"MED16"
3.41208153875021e-25,0.307466864763436,0.561,0.459,6.54778447286165e-21,"NAPRT"
4.2028773328334e-25,0.252903852595209,0.91,0.869,8.06532160170729e-21,"PLAC8"
4.40564590519501e-25,0.436031742791013,0.29,0.205,8.45443449206922e-21,"PECAM1"
5.02974069277436e-25,0.29070182536152,0.624,0.528,9.652072389434e-21,"PSMD3"
5.53083108950412e-25,0.256841574107441,0.659,0.552,1.06136648607584e-20,"PPT1"
6.79495557966678e-25,0.609333025352201,0.167,0.102,1.30395197573805e-20,"VAC14"
7.79421844613022e-25,0.340489498143317,0.486,0.391,1.49571051981239e-20,"TACC3"
8.37306575906144e-25,0.428767323592428,0.304,0.22,1.60679131916389e-20,"BCR"
8.52634925869396e-25,0.27864812756931,0.488,0.381,1.63620642274337e-20,"NUBP2"
9.70033743765979e-25,0.401207671716707,0.324,0.237,1.86149475428691e-20,"NFATC3"
1.00132961171708e-24,0.690200987710464,0.147,0.087,1.92155152488507e-20,"SULT1A3"
1.02796232565968e-24,0.314890347051617,0.457,0.357,1.97265970294092e-20,"HMHA1"
1.35664549387428e-24,0.384123466208058,0.32,0.231,2.60340270274475e-20,"ATAD3B"
1.5174646824439e-24,-0.442240264377347,0.437,0.496,2.91201472560984e-20,"PRR34-AS1"
1.66642383664591e-24,0.413832105855771,0.232,0.153,3.1978673425235e-20,"LINC01116"
1.68525324949684e-24,-0.566507854663698,0.27,0.341,3.23400098578443e-20,"PSMB10"
1.94108066755232e-24,-0.455819519792969,0.421,0.48,3.7249338010329e-20,"JUND"
2.03389026535934e-24,0.290263597688412,0.452,0.348,3.90303541922458e-20,"PDCD11"
2.08190688148188e-24,0.428114787317099,0.218,0.142,3.99517930556372e-20,"CALN1"
3.61677921203752e-24,0.508772231398007,0.198,0.128,6.94059930789999e-20,"PIGU"
3.6494652328864e-24,0.274892602172023,0.647,0.556,7.00332378190901e-20,"ACADVL"
5.20230086256809e-24,-0.98900570974496,0.094,0.151,9.98321535526816e-20,"RP11-301G19.1"
5.9729005462704e-24,0.368868466943628,0.32,0.231,1.14619961482929e-19,"MAP4"
6.02964297660531e-24,-0.980760417598996,0.082,0.137,1.15708848721056e-19,"CTD-2035E11.3"
8.57131883817854e-24,0.315796553711885,0.463,0.365,1.64483608504646e-19,"RBM42"
9.60651464288508e-24,0.261499600603778,0.546,0.44,1.84349015996965e-19,"APOPT1"
9.62137594060459e-24,0.300317270167215,0.504,0.406,1.84634204300202e-19,"MTA1"
9.64045334296367e-24,0.434013614065686,0.184,0.116,1.85000299651473e-19,"CAMK1D"
9.9331866853374e-24,-0.561648290860984,0.242,0.313,1.90617852491625e-19,"MYCT1"
1.08194046960516e-23,-0.494897217728011,0.305,0.375,2.07624376117231e-19,"TIMP2"
1.33649369111443e-23,0.284184109437131,0.513,0.406,2.56473139324859e-19,"PPIF"
1.35097446099297e-23,0.34856915490923,0.361,0.271,2.59251999064551e-19,"CTNNBL1"
1.48441304596874e-23,0.356296017769939,0.36,0.268,2.84858863521401e-19,"SLC19A1"
2.02410422717931e-23,0.274239811783346,0.553,0.457,3.8842560119571e-19,"PKN1"
2.99376079010925e-23,0.452854040343906,0.232,0.158,5.74502695621966e-19,"STAU2"
4.821222469729e-23,-0.310773901847796,0.703,0.719,9.25192591940996e-19,"FAM45A"
6.93967849321919e-23,0.471347162311462,0.234,0.161,1.33172430284876e-18,"SNTB1"
8.16543717925475e-23,0.393486127169905,0.3,0.216,1.56694739469899e-18,"REC8"
8.49157024442898e-23,-0.469367559115798,0.381,0.44,1.62953232990592e-18,"PHTF1"
1.20323466651278e-22,0.263215729783626,0.622,0.527,2.30900732503803e-18,"EIF4H"
1.28905302848737e-22,0.30707878672676,0.397,0.301,2.47369276166726e-18,"DHRSX"
1.49813017469124e-22,0.357354618180367,0.628,0.539,2.87491180523248e-18,"LTB"
1.52112630283162e-22,-0.519912244423798,0.38,0.443,2.91904137513387e-18,"RAB27B"
1.99900651025417e-22,0.2850077617953,0.534,0.437,3.83609349317775e-18,"SETD3"
2.06592935467384e-22,0.286805605933654,0.446,0.348,3.96451843161911e-18,"COMMD9"
2.8864735629177e-22,0.356056601726077,0.342,0.254,5.53914276723906e-18,"C9orf114"
3.010441994827e-22,0.254813800878802,0.565,0.466,5.77703818807301e-18,"ETFB"
4.26272201272697e-22,0.44323104834179,0.21,0.14,8.18016354242305e-18,"MGLL"
4.3396845008384e-22,0.414553119110666,0.252,0.177,8.32785455710889e-18,"NPRL3"
4.63972852558088e-22,0.348726957792968,0.327,0.241,8.90363904058971e-18,"AP2A2"
6.09880191477552e-22,0.365377558415092,0.318,0.235,1.17036008744542e-17,"TRUB2"
6.14961621597473e-22,0.297795575937607,0.449,0.354,1.18011135184555e-17,"FKBP5"
7.2990891360329e-22,0.419343886836931,0.271,0.194,1.40069520520471e-17,"MLC1"
8.32282747594517e-22,0.269267683200834,0.52,0.425,1.59715059263388e-17,"POLR3H"
9.98622383832628e-22,0.356224826118553,0.33,0.247,1.91635635457481e-17,"CLPTM1"
1.02497389679848e-21,0.550027078787554,0.131,0.077,1.96692490795628e-17,"TAMM41"
1.05535265140455e-21,0.331965130523668,0.38,0.287,2.02522173804533e-17,"C18orf32"
1.09953536919132e-21,0.371604121162259,0.314,0.231,2.11000837347815e-17,"FBXW9"
1.2351508382981e-21,0.278775680436102,0.632,0.54,2.37025445869405e-17,"GSDMD"
1.30164010184014e-21,-0.450762528967886,0.404,0.458,2.49784735543122e-17,"AKIRIN2"
1.53278162641041e-21,0.395248141173493,0.242,0.168,2.94140794108158e-17,"BAIAP2"
1.75781883279409e-21,0.275065259201783,0.343,0.253,3.37325434013185e-17,"PRKAG2-AS1"
1.99622069320942e-21,0.26991094022761,0.556,0.452,3.83074751026887e-17,"WIPI2"
2.02228679612557e-21,0.260854493201422,0.506,0.41,3.88076836176498e-17,"HADH"
2.28544202422481e-21,0.348636147953744,0.323,0.24,4.38576324448741e-17,"SKI"
2.33723927992683e-21,0.28447491073639,0.499,0.402,4.48516217817958e-17,"ATP1A1"
2.43391528112368e-21,0.283261227855893,0.451,0.356,4.67068342447634e-17,"UHRF1"
2.55610106067173e-21,0.274105535943751,0.407,0.317,4.90515793542905e-17,"MFSD12"
2.67487857721362e-21,0.284090705326252,0.502,0.407,5.13309198967293e-17,"DNASE2"
3.0633894726652e-21,0.312863524489066,0.441,0.351,5.87864439804452e-17,"MED13L"
3.10084968337337e-21,0.274755455014686,0.463,0.368,5.95053054239349e-17,"C21orf2"
3.16576456067123e-21,0.625756495604923,0.154,0.097,6.0751021919281e-17,"SH3BP5"
4.03603210430949e-21,0.287660491454144,0.34,0.253,7.74514560816991e-17,"CLIC4"
4.16673058434557e-21,0.277187085337622,0.476,0.385,7.99595599135916e-17,"MTMR14"
4.5863877074758e-21,0.382091616045962,0.289,0.211,8.80127801064607e-17,"VAV1"
4.62887795539368e-21,0.406966586020431,0.248,0.175,8.88281679640048e-17,"ELAC2"
4.74436419701831e-21,-0.496471382179399,0.584,0.625,9.10443489407813e-17,"MT2A"
4.78284062973902e-21,0.419271941297187,0.223,0.154,9.17827116846917e-17,"NFATC1"
5.28887044871017e-21,0.304532457992454,0.422,0.332,1.01493423910748e-16,"QDPR"
5.45014722638098e-21,0.294942592270275,0.423,0.333,1.04588325274251e-16,"PES1"
5.90562077162004e-21,0.555543393962251,0.142,0.087,1.13328862607389e-16,"ZC3H3"
6.58805404200304e-21,0.271451772275496,0.487,0.393,1.26424757066038e-16,"RABL6"
6.82174373496681e-21,0.285216360383035,0.527,0.434,1.30909262274013e-16,"PDHA1"
8.76676479630439e-21,0.359073370056869,0.267,0.191,1.68234216441081e-16,"SELPLG"
1.00056863599664e-20,0.386487443183644,0.317,0.237,1.92009121247754e-16,"SLC25A10"
1.0017278246781e-20,0.433437174755626,0.221,0.152,1.92231569555728e-16,"PODXL2"
1.16970193876159e-20,0.267484044822192,0.517,0.421,2.2446580204835e-16,"TOLLIP"
1.32881524976043e-20,0.255350764003239,0.55,0.457,2.54999646429026e-16,"MAPK12"
1.69873583742126e-20,0.404370501967252,0.254,0.181,3.25987407201141e-16,"SLC43A1"
1.72805856821982e-20,-0.285808368991799,0.718,0.742,3.31614439241384e-16,"C4orf48"
2.55892384874147e-20,0.291339070903595,0.404,0.314,4.91057486573488e-16,"RP11-111M22.3"
2.85795874530135e-20,0.42068298880554,0.227,0.158,5.4844228322333e-16,"ALDH16A1"
2.99956578251202e-20,0.298586264348221,0.318,0.235,5.75616673664056e-16,"CMIP"
3.45683374841772e-20,-0.351700249381685,0.519,0.561,6.6336639632136e-16,"RAB13"
3.5676109981121e-20,0.406579571122453,0.253,0.181,6.84624550537711e-16,"CTB-50L17.10"
3.64016052090966e-20,0.490871978895761,0.146,0.091,6.98546803962564e-16,"TBL1X"
3.86841246034371e-20,0.276093217960565,0.458,0.367,7.42348351139957e-16,"PTPRA"
5.14683089427381e-20,-0.83965662256367,0.103,0.156,9.87676848611144e-16,"IQCH-AS1"
5.79948372700628e-20,0.30691076973421,0.495,0.405,1.1129209272125e-15,"RNPEP"
6.6918494704309e-20,0.43749370458004,0.208,0.143,1.28416591337569e-15,"ALG14"
8.85102400904026e-20,0.279548598266381,0.315,0.235,1.69851150733483e-15,"WARS"
9.69143611276028e-20,0.289236468587047,0.377,0.291,1.8597865900387e-15,"STMN3"
1.02806634732558e-19,0.30787924481811,0.334,0.252,1.97285932051778e-15,"SLC17A9"
1.1237308868558e-19,0.262132090079158,0.568,0.477,2.15643957187628e-15,"VPS51"
1.14048424582734e-19,0.311247242437359,0.422,0.336,2.18858926774266e-15,"PCYT2"
1.25978124861352e-19,0.285090041618995,0.429,0.338,2.41752021608935e-15,"DOHH"
1.94361106368003e-19,0.366459650210842,0.258,0.186,3.72978963120197e-15,"GNB1L"
2.24562846367303e-19,-0.340252826245449,0.569,0.614,4.30936102178855e-15,"AP001171.1"
2.94547863238798e-19,0.614663793325114,0.102,0.058,5.65237349555254e-15,"RPTOR"
3.20521319614857e-19,0.361479860651052,0.327,0.249,6.1508041234091e-15,"MTIF2"
3.42940443783168e-19,0.266291242312996,0.408,0.321,6.581027116199e-15,"ECI2"
3.49528312296883e-19,0.260537631926622,0.568,0.478,6.70744831297718e-15,"HSPA5"
3.71145241079865e-19,0.341063772755685,0.252,0.18,7.1222771763226e-15,"METTL8"
3.93274925320154e-19,-0.625794930631306,0.194,0.253,7.54694581689375e-15,"SCMH1"
6.48379017338402e-19,0.255861944056542,0.538,0.447,1.24423933427239e-14,"TMEM97"
6.6557701537416e-19,0.297587968542373,0.316,0.236,1.27724229250301e-14,"CERCAM"
6.87561939766099e-19,0.460413932539361,0.182,0.123,1.31943136241114e-14,"PALM"
7.18841748329973e-19,0.296137982447562,0.379,0.295,1.37945731504522e-14,"ITGA6"
8.01778239512969e-19,0.43264455373897,0.205,0.142,1.53861244162539e-14,"CARS"
8.59617466154984e-19,-0.433575493626821,0.412,0.464,1.64960591755141e-14,"AC004381.6"
9.14125620285829e-19,0.631009641563726,0.109,0.063,1.75420706532851e-14,"AUH"
9.41538139461044e-19,0.319038355178465,0.34,0.26,1.80681168962574e-14,"MRRF"
1.11219232202081e-18,0.260406002410927,0.486,0.399,2.13429706595794e-14,"XPOT"
1.24138731437028e-18,0.453742918225844,0.178,0.12,2.38222225627657e-14,"INO80B"
1.25818836116631e-18,0.29181128358264,0.375,0.291,2.41446346507815e-14,"SIPA1"
1.3349298459359e-18,0.287060211869449,0.377,0.292,2.56173037435099e-14,"ACAA1"
1.64901989383165e-18,0.304474574634405,0.392,0.309,3.16446917626293e-14,"HYAL2"
2.17478529879738e-18,0.453160779657907,0.187,0.128,4.17341298839217e-14,"CCDC94"
2.64910480951421e-18,0.313320294363828,0.298,0.222,5.08363212945777e-14,"SLC7A5"
2.71733514497452e-18,0.315449775790315,0.28,0.207,5.21456614320611e-14,"PTDSS2"
2.9923433974581e-18,0.303249740704309,0.349,0.269,5.74230697972209e-14,"GGA2"
3.0109035264659e-18,0.390091997314063,0.242,0.175,5.77792386728807e-14,"FBXO6"
3.26542077248207e-18,0.363927107102957,0.212,0.148,6.2663424623931e-14,"CHCHD6"
3.40058595903896e-18,0.304136999512991,0.324,0.246,6.52572445539577e-14,"POC1A"
3.46754166968106e-18,0.491340442707958,0.167,0.112,6.65421246411795e-14,"ACOT2"
3.71761411978084e-18,0.286027079822713,0.458,0.374,7.13410149585944e-14,"HEXA"
4.37541229756042e-18,0.286780569809297,0.395,0.311,8.39641619901845e-14,"BLMH"
4.97645126383389e-18,0.315616432008389,0.361,0.28,9.54980997529723e-14,"CAPN1"
5.41987979199434e-18,0.257331903855676,0.541,0.453,1.04007493208371e-13,"SHKBP1"
6.21859591731126e-18,0.450732266274333,0.185,0.127,1.19334855653203e-13,"MVD"
6.43473561478875e-18,0.30819676925954,0.33,0.253,1.23482576447796e-13,"KARS"
6.48941248157663e-18,0.271346677707656,0.525,0.444,1.24531825521456e-13,"TOP1MT"
7.33687726967813e-18,0.255737967192718,0.456,0.37,1.40794674805123e-13,"PDXK"
7.36756755389517e-18,-0.317670595773927,0.505,0.548,1.41383621359248e-13,"NUDT14"
8.65501262532033e-18,0.291255676515844,0.339,0.26,1.66089692279897e-13,"ALG12"
9.77445737650758e-18,0.31899395478217,0.224,0.159,1.87571837055181e-13,"PKIG"
9.82399956332348e-18,-0.581697060926781,0.227,0.284,1.88522551620178e-13,"TSLP"
1.04072153635805e-17,0.331455217877374,0.249,0.181,1.9971446282711e-13,"TRIB3"
1.07342107537286e-17,0.343971876610047,0.273,0.203,2.05989504364052e-13,"SMCR5"
1.21003978624752e-17,0.281018553757733,0.346,0.268,2.32206634980898e-13,"RBFA"
1.42712291137514e-17,0.443987334460539,0.173,0.116,2.7386488669289e-13,"RNF216"
1.45259195523303e-17,0.318657145475442,0.355,0.279,2.78752396209219e-13,"ZBTB16"
1.70358918359886e-17,0.327037229292491,0.341,0.265,3.26918764332622e-13,"TFDP2"
1.90067549762032e-17,0.266868130935206,0.487,0.405,3.6473962799334e-13,"SEC13"
1.94881396982892e-17,0.252349605681564,0.489,0.402,3.7397740081017e-13,"AAMP"
2.13236022298952e-17,0.270500300188494,0.427,0.342,4.09199926791688e-13,"DDX54"
2.43201819233465e-17,0.306146876430496,0.322,0.246,4.66704291109019e-13,"SPNS2"
2.49992475683611e-17,0.30983337179488,0.366,0.29,4.79735560836849e-13,"EIF2D"
2.58326331414396e-17,0.320270527267254,0.29,0.218,4.95728229984227e-13,"AP2A1"
3.02441593709932e-17,0.261882476951367,0.414,0.33,5.80385418329359e-13,"G6PD"
3.76414872456717e-17,-0.530637933413638,0.255,0.31,7.2234014024444e-13,"TRPS1"
3.86829413165478e-17,0.344186733969066,0.264,0.195,7.42325643864553e-13,"ILVBL"
3.95625543488859e-17,0.28206181225326,0.367,0.288,7.5920541795512e-13,"RERE"
4.34740223810529e-17,0.292335183662833,0.268,0.198,8.34266489492404e-13,"SMAD3"
4.48900766177139e-17,-0.812209511362209,0.08,0.125,8.61440570293929e-13,"HYPK"
4.71908157420924e-17,0.472254681437058,0.134,0.085,9.05591754090754e-13,"KDM4B"
4.73452527086802e-17,0.256175948478072,0.425,0.341,9.08555399479572e-13,"MUS81"
4.98958470537619e-17,-0.303202798268689,0.704,0.713,9.5750130496169e-13,"RPL22L1"
5.03657239917097e-17,0.388388092811336,0.175,0.119,9.66518243400909e-13,"CLCN7"
5.11709460857132e-17,0.344448933086013,0.307,0.235,9.81970455384837e-13,"MICU1"
5.26457454398186e-17,0.291838795674176,0.346,0.267,1.01027185499012e-12,"MCTP2"
5.98368143477765e-17,0.31574093337503,0.302,0.229,1.14826846733383e-12,"TCF3"
6.10126826346194e-17,0.448132961403282,0.184,0.127,1.17083337975835e-12,"BAHCC1"
6.48779473014425e-17,0.536622109392746,0.117,0.072,1.24500780871468e-12,"KDM4A"
7.19105963137866e-17,0.404626969654807,0.187,0.13,1.37996434326156e-12,"ARHGAP35"
8.12029011250167e-17,0.375421636204509,0.219,0.158,1.55828367258907e-12,"RP11-61K9.3"
8.34135783549625e-17,0.365303803429603,0.222,0.159,1.60070656863173e-12,"RPS6KA4"
8.78940946653764e-17,0.264279171604827,0.297,0.223,1.68668767662857e-12,"MPV17L"
9.76987472542107e-17,0.354431125770373,0.195,0.136,1.8748389598083e-12,"XXYLT1"
9.83935712818501e-17,0.291405140661189,0.337,0.263,1.8881726328987e-12,"RANGAP1"
1.08810104483581e-16,0.326429774954197,0.267,0.198,2.08806590503991e-12,"TBC1D1"
1.12784770217664e-16,0.325039209771932,0.296,0.224,2.16433974047698e-12,"RFC2"
1.18397306625195e-16,-0.261891667748263,0.713,0.719,2.27204431413748e-12,"COX17"
1.23395947874445e-16,0.40439481809608,0.166,0.112,2.3679682397106e-12,"CCDC22"
1.56979384315394e-16,0.261469474919196,0.333,0.257,3.01243438501241e-12,"TSFM"
1.69676801016417e-16,0.388845030045429,0.216,0.155,3.25609781150505e-12,"DPP9"
1.76020497312538e-16,0.30826986463324,0.327,0.252,3.3778333434276e-12,"RBM14"
1.76557157169028e-16,0.611192966726728,0.112,0.069,3.38813184607364e-12,"BACE2"
1.79047289399808e-16,0.268051233843653,0.406,0.329,3.43591748358231e-12,"IL6R"
1.90083999261915e-16,0.40921186504958,0.19,0.134,3.64771194583614e-12,"ZC3H18"
2.07979457727103e-16,0.282271706171664,0.334,0.257,3.99112579378311e-12,"ZBED1"
2.23619204625277e-16,0.31284290139725,0.238,0.172,4.29125253675906e-12,"ACSF3"
2.39757156289767e-16,0.327071170302931,0.27,0.201,4.60093982920063e-12,"GCDH"
2.49835433835309e-16,0.417609263040032,0.189,0.132,4.79434197529959e-12,"ARHGAP10"
2.68485896610685e-16,0.432746002488579,0.198,0.142,5.15224435595905e-12,"ZC3H7B"
2.8066370463227e-16,0.254332361435852,0.41,0.33,5.38593649189325e-12,"BAZ1B"
2.91595849741017e-16,0.260222995684759,0.385,0.307,5.59572435653012e-12,"ATIC"
3.92149655674417e-16,0.283519182013515,0.331,0.255,7.52535189239206e-12,"CETN2"
4.21201656179623e-16,0.500866548909362,0.143,0.094,8.08285978208697e-12,"SLC39A11"
4.23141390380141e-16,0.331960606208088,0.267,0.2,8.12008328139490e-12,"DVL2"
4.37602956041063e-16,0.431295227057978,0.159,0.107,8.39760072642799e-12,"MAP4K1"
5.28447993446597e-16,-0.325001345607461,0.488,0.525,1.01409169942402e-11,"ASXL1"
5.3732320994238e-16,0.33903790333021,0.218,0.157,1.03112323987943e-11,"ST14"
5.70700669395972e-16,0.396083597216069,0.179,0.124,1.09517458457087e-11,"CTC-338M12.5"
5.82266169688868e-16,0.272643235884735,0.299,0.228,1.11736877963294e-11,"ZNF48"
5.90153484154248e-16,0.283999371039275,0.272,0.203,1.132504536092e-11,"PRKCD"
6.1664918959666e-16,0.284453434406391,0.25,0.184,1.18334979483599e-11,"PLD3"
6.2056595512727e-16,0.306095539268138,0.329,0.255,1.19086606788923e-11,"RBM10"
6.94257600643506e-16,-0.297343361692494,0.547,0.578,1.33228033563489e-11,"C17orf49"
7.46179217131482e-16,-0.624466234618375,0.172,0.225,1.43191791767531e-11,"TFPI"
9.54081427118343e-16,-0.420757628286806,0.428,0.47,1.8308822586401e-11,"YPEL3"
9.56991003131341e-16,0.263549838557188,0.319,0.245,1.83646573500904e-11,"BCAT1"
1.01941645718146e-15,0.374704636771379,0.205,0.147,1.95626018133121e-11,"SCAP"
1.03696478339021e-15,-0.588161900315629,0.169,0.222,1.98993541932581e-11,"LRRK1"
1.14779638611553e-15,0.354156486424188,0.173,0.119,2.2026212649557e-11,"LRP5"
1.22409381357979e-15,-0.346881418497569,0.463,0.51,2.34903602825962e-11,"TM4SF1"
1.33604046697972e-15,0.344942858577444,0.24,0.177,2.56386165613407e-11,"METTL13"
1.396808017711e-15,0.286025297616335,0.3,0.231,2.68047458598741e-11,"CHKA"
1.45541575238989e-15,0.358710356528195,0.254,0.191,2.79294282883621e-11,"FUT7"
1.72967055859316e-15,0.424313455812427,0.188,0.133,3.31923780194028e-11,"SARS2"
1.87269580551019e-15,0.498527422402133,0.161,0.111,3.59370325077405e-11,"MT-ATP8"
1.92869750306042e-15,0.251884167245196,0.355,0.277,3.70117050837294e-11,"TRAF3"
1.96721889539961e-15,0.444569020342339,0.155,0.105,3.77509306027186e-11,"TBCD"
2.00733128762483e-15,0.30354350069475,0.306,0.237,3.85206874095205e-11,"AATF"
2.17256012625195e-15,0.387088719795012,0.19,0.135,4.1691428822775e-11,"CD300LF"
2.22820266657653e-15,0.282588208950131,0.379,0.305,4.27592091716036e-11,"ATP2A3"
2.31772026451877e-15,0.377672717967237,0.168,0.117,4.44770518761153e-11,"CKAP4"
2.32233717548927e-15,0.460635436198836,0.14,0.093,4.4565650397639e-11,"TNNI2"
2.41939174028117e-15,0.327295803289305,0.227,0.167,4.64281274959957e-11,"QRICH1"
2.55019917092686e-15,0.283719880694976,0.27,0.203,4.89383220900864e-11,"PKMYT1"
2.64203661880108e-15,0.358424472463489,0.237,0.176,5.07006827147926e-11,"CNOT3"
2.68255268519257e-15,0.340454945586963,0.199,0.143,5.14781860288454e-11,"MAN1B1"
2.83986224205351e-15,0.302906684880131,0.26,0.195,5.44969564250068e-11,"GPR89A"
2.92777587756833e-15,0.414082426309449,0.182,0.129,5.61840190905363e-11,"CD38"
3.12059321298839e-15,0.265859900836416,0.331,0.256,5.98841837572472e-11,"PTPN1"
3.47425455363867e-15,0.418588305953734,0.159,0.109,6.66709448843261e-11,"NPIPA1"
3.80567401716407e-15,0.449068257379435,0.158,0.108,7.30308843893784e-11,"SPATC1L"
3.97605966529265e-15,0.279565462659792,0.291,0.223,7.6300584976966e-11,"PML"
4.89078283366878e-15,-0.308735642729949,0.493,0.53,9.3854122578104e-11,"SAMSN1"
5.04685694716115e-15,0.323783044517319,0.261,0.197,9.68491848160225e-11,"BCAT2"
5.22002963758929e-15,0.260966658257076,0.293,0.224,1.00172368745338e-10,"SRPK2"
5.24022174793273e-15,0.296975510985659,0.295,0.227,1.00559855342829e-10,"MTHFD1"
5.31423900054599e-15,0.281158469646053,0.3,0.232,1.01980246420478e-10,"TUBGCP2"
6.00779875880733e-15,0.304561074401726,0.226,0.165,1.15289658181513e-10,"MCM2"
6.57218882833554e-15,0.382306631430507,0.187,0.133,1.26120303615759e-10,"DOT1L"
6.73765597661692e-15,0.337053784109469,0.217,0.159,1.29295618191279e-10,"GSTZ1"
7.1079961553093e-15,-0.351371663510018,0.475,0.508,1.36402446220385e-10,"TOPORS-AS1"
7.33869409456011e-15,0.275556275534058,0.349,0.278,1.40829539674609e-10,"SLA"
8.77931170468331e-15,0.258277760371624,0.388,0.313,1.68474991612873e-10,"ST20"
8.80919195309314e-15,0.308886644594999,0.304,0.236,1.69048393579857e-10,"GSS"
9.45140903200006e-15,0.401867783043321,0.126,0.082,1.81372539324081e-10,"PRKCZ"
9.63425279150475e-15,-0.400445153946334,0.336,0.383,1.84881311068976e-10,"RRN3"
1.00887969254681e-14,0.459109727173331,0.104,0.064,1.93604012999733e-10,"RP11-254F7.2"
1.02756217368244e-14,0.362671315500269,0.195,0.141,1.9718918112966e-10,"HSPA4"
1.06240221349319e-14,0.372992519503137,0.172,0.121,2.03874984769343e-10,"TMEM161A"
1.08917893345254e-14,0.253591255876127,0.36,0.287,2.09013437329542e-10,"SDHA"
1.14486966352037e-14,0.351077119959518,0.224,0.165,2.19700488429559e-10,"NEIL2"
1.16043389991353e-14,0.254948552763099,0.447,0.372,2.22687265393406e-10,"FSCN1"
1.18149049594321e-14,0.280852040195687,0.332,0.263,2.26728026171503e-10,"GARS"
1.24492955336378e-14,0.301687662220209,0.261,0.198,2.38901981290509e-10,"CLIP1"
1.25040337148878e-14,0.296570899599732,0.31,0.242,2.39952406988697e-10,"IMPACT"
1.27544390851124e-14,0.269888251005185,0.288,0.221,2.44757686043308e-10,"MOB2"
1.29620160503458e-14,0.289329047183226,0.307,0.239,2.48741088006137e-10,"GCAT"
1.34101270620384e-14,-0.466147479255327,0.336,0.379,2.57340338320517e-10,"IGHM"
1.37839666561078e-14,0.292818879475686,0.347,0.281,2.64514320130709e-10,"FUCA1"
1.40103531215867e-14,0.253701334624759,0.394,0.319,2.68858676403249e-10,"IL27RA"
1.44447414642292e-14,-0.687072349754779,0.124,0.169,2.77194588698559e-10,"EIF3C"
1.44946212355196e-14,0.27944748586815,0.26,0.197,2.78151781509621e-10,"SCYL1"
1.48445773987842e-14,0.266428996110923,0.345,0.274,2.84867440282669e-10,"LRRC37B"
1.66063276948846e-14,0.377750718245809,0.181,0.129,3.18675428464835e-10,"ZNF74"
1.69454868330283e-14,0.326523078027143,0.246,0.183,3.25183892325813e-10,"ASMTL"
1.79870002699568e-14,0.436996102087392,0.115,0.074,3.45170535180471e-10,"PSPH"
2.36247366844851e-14,0.318786949455051,0.235,0.175,4.53358696975269e-10,"ZNF622"
2.47371647907305e-14,-0.482964580313286,0.235,0.288,4.74706192334119e-10,"FLJ37453"
2.47533596386853e-14,0.503174870618867,0.125,0.082,4.75016971466371e-10,"SESN2"
2.48667486879473e-14,0.392537015941014,0.138,0.092,4.77192907321709e-10,"SNX8"
2.65520873252699e-14,0.34728751625188,0.238,0.179,5.09534555771929e-10,"SART1"
2.69715040983279e-14,0.319430691414126,0.206,0.15,5.17583163646913e-10,"DPCD"
2.71018774098609e-14,0.265565629155006,0.318,0.247,5.20085027495231e-10,"GTF2H3"
2.83915285397107e-14,0.338892659600343,0.228,0.17,5.44833432677048e-10,"TTLL12"
3.49492518883443e-14,-0.510969049484064,0.222,0.273,6.70676143737326e-10,"CNFN"
4.00902846275622e-14,0.288582898937588,0.19,0.137,7.69332562002918e-10,"ACP5"
4.01613566526844e-14,0.253931164252393,0.338,0.268,7.70696434165014e-10,"RPF2"
4.0817586380302e-14,0.359831784958693,0.186,0.134,7.83289482637995e-10,"LPCAT3"
4.5731219917464e-14,-0.521104804602576,0.199,0.248,8.77582110216135e-10,"IRAK4"
4.77588073656782e-14,-0.442024801032977,0.275,0.326,9.16491513347364e-10,"RP11-1000B6.3"
4.82012491315809e-14,0.272126588827239,0.256,0.192,9.24981970835038e-10,"LIMA1"
4.87277483323266e-14,0.262177995532694,0.245,0.183,9.35085490497348e-10,"HGH1"
5.08395902559089e-14,-0.530915654180636,0.087,0.129,9.75611737010891e-10,"CCL2"
5.15300156989245e-14,0.310082220795219,0.174,0.122,9.88861001262362e-10,"FAM50B"
5.80211700041569e-14,0.425917900283472,0.165,0.116,1.11342625237977e-09,"WDR92"
5.86450317852174e-14,0.353962167670599,0.233,0.175,1.12539815995832e-09,"POLR1E"
6.29597473377884e-14,0.267979719061917,0.262,0.2,1.20819755141216e-09,"SORL1"
6.78019990130464e-14,0.373959055542977,0.204,0.15,1.30112036106036e-09,"ZNF668"
8.00577501076277e-14,0.275158003176061,0.256,0.194,1.53630822456538e-09,"SEMA4D"
8.03578974838765e-14,0.255442602566637,0.304,0.237,1.54206805271559e-09,"ARHGAP1"
8.70244929695349e-14,0.257647655044979,0.277,0.213,1.67000002008537e-09,"CD79B"
9.08132344519915e-14,0.254119164324892,0.271,0.207,1.74270596913372e-09,"C14orf159"
1.02445811423486e-13,0.27945879593508,0.272,0.209,1.9659351212167e-09,"PEX10"
1.16930580915281e-13,0.346873216644855,0.207,0.153,2.24389784776424e-09,"POM121"
1.24324548193239e-13,0.402439178276242,0.136,0.092,2.38578807982825e-09,"IPO4"
1.24483163704972e-13,0.383114663255933,0.152,0.105,2.38883191149841e-09,"FAM234A"
1.29459613890091e-13,-0.312107294870261,0.46,0.503,2.48432999055085e-09,"ZSCAN16-AS1"
1.33216136750663e-13,0.398468297637886,0.156,0.109,2.55641766424523e-09,"DCAKD"
1.34249620856583e-13,0.309265443624059,0.286,0.223,2.57625022423782e-09,"MSRA"
1.614861323001e-13,0.311474506711322,0.225,0.169,3.09891887883891e-09,"RAD50"
1.83359226906615e-13,0.256464439069328,0.256,0.195,3.51866356433795e-09,"AGPAT3"
1.84809131957346e-13,0.43172830623192,0.163,0.116,3.54648724226146e-09,"CDKAL1"
1.87218464793008e-13,0.253295965666455,0.258,0.197,3.59272233937783e-09,"SNX9"
1.87463874170851e-13,0.537547085239089,0.112,0.073,3.59743174533863e-09,"PVRL1"
1.95836826764241e-13,0.253973441748596,0.366,0.296,3.75810870560579e-09,"MRPS30"
2.06447284429692e-13,0.256508117271899,0.22,0.162,3.96172338820578e-09,"INSR"
2.2000558236181e-13,0.340785440659002,0.197,0.145,4.22190712552313e-09,"ACSS1"
2.28452902040226e-13,0.268166308599892,0.334,0.268,4.38401119015194e-09,"GNB5"
2.33705764985763e-13,0.275922973998004,0.256,0.196,4.4848136300768e-09,"BSPRY"
2.44712172921885e-13,0.255463686637346,0.335,0.268,4.69602659837097e-09,"FANCG"
2.50064499503098e-13,0.372529672438604,0.131,0.088,4.79873774546445e-09,"ZNF599"
2.52622205479022e-13,0.46549126172809,0.111,0.072,4.84782012314242e-09,"EARS2"
2.85713439770117e-13,0.254456097563031,0.29,0.227,5.48284090918855e-09,"GTF3C2"
2.95636491942902e-13,0.291023594880374,0.338,0.273,5.67326428038428e-09,"APBB1IP"
3.25237146933874e-13,0.321745160039887,0.244,0.187,6.24130084966104e-09,"TRAF7"
3.34034371403393e-13,0.336886089863018,0.21,0.156,6.41011958723111e-09,"PREX1"
3.6045269066908e-13,0.300790959512654,0.238,0.181,6.91708713393965e-09,"CD3EAP"
3.70945241849472e-13,0.270569733443676,0.314,0.248,7.11843919109136e-09,"ANKRD39"
3.83370712535261e-13,0.270223389213045,0.25,0.191,7.35688397355166e-09,"PACSIN2"
3.96833638807074e-13,0.358561990475204,0.192,0.14,7.61523752870775e-09,"TFAP4"
3.98246934982204e-13,0.309712804219663,0.192,0.14,7.6423586823085e-09,"THOC5"
4.2943220780846e-13,0.259090171928032,0.272,0.21,8.24080406784435e-09,"UBXN11"
5.09079309545442e-13,0.265657071626868,0.339,0.273,9.76923195017704e-09,"SLC38A10"
5.10270069750454e-13,0.271307377984239,0.245,0.186,9.79208263851122e-09,"RFT1"
5.40257492857849e-13,0.359904319950788,0.188,0.136,1.03675412879421e-08,"LRRC28"
5.7719836772602e-13,0.290787209322319,0.28,0.22,1.10764366766623e-08,"CCDC86"
5.80679734627473e-13,0.461543330609398,0.163,0.117,1.11432441075012e-08,"CLU"
5.91971891817361e-13,0.518020897458022,0.109,0.072,1.13599406039752e-08,"AIG1"
6.03030625290681e-13,0.332624587578869,0.234,0.18,1.15721576993282e-08,"DHCR7"
6.40042251650538e-13,-0.571669891047827,0.142,0.186,1.22824108091738e-08,"MBD5"
7.17671122187337e-13,0.294573270324651,0.245,0.189,1.3772108834775e-08,"LRG1"
7.19754008712401e-13,0.309646400482205,0.214,0.161,1.3812079427191e-08,"NUP85"
7.40605288586625e-13,0.264983517983926,0.302,0.24,1.42122154879773e-08,"FH"
9.27282424331814e-13,0.3023232192042,0.164,0.116,1.77945497229275e-08,"AC007325.4"
9.41076685942576e-13,-0.712737945713342,0.087,0.125,1.8059261603238e-08,"EEFSEC"
9.43689811577322e-13,0.268793743738222,0.239,0.181,1.81094074841688e-08,"KLC1"
9.68717365236155e-13,0.264216939760069,0.297,0.237,1.85896862388818e-08,"RNF135"
1.00746929286194e-12,0.279248609530585,0.268,0.209,1.93333357300207e-08,"STK10"
1.02856036950174e-12,0.251762981463512,0.322,0.256,1.97380734907384e-08,"APEH"
1.05956014910163e-12,0.258283898638918,0.29,0.228,2.03329592612603e-08,"PFKP"
1.10656009258997e-12,0.254682553448781,0.239,0.181,2.12348881768014e-08,"GNL2"
1.1201333256153e-12,0.363197965511437,0.14,0.097,2.14953585185576e-08,"NUP93"
1.12444649617215e-12,0.259966381181935,0.354,0.287,2.15781282615435e-08,"ARHGEF1"
1.17197390681627e-12,0.26263085834792,0.259,0.199,2.24901792718043e-08,"POLD1"
1.20156970827141e-12,-0.265957923853199,0.581,0.597,2.30581227017284e-08,"RCC1"
1.20511818204965e-12,0.361184095484938,0.136,0.094,2.31262179135327e-08,"CDK7"
1.39160376432979e-12,0.28579515722996,0.186,0.136,2.67048762374888e-08,"BCAS4"
1.52980166189572e-12,-0.350183300022943,0.475,0.51,2.93568938917789e-08,"PTPRE"
1.55776380112672e-12,0.302056284016057,0.199,0.148,2.98934873436218e-08,"PPP1R16A"
1.62030688269432e-12,0.306857434855496,0.191,0.141,3.10936890789041e-08,"PTK7"
1.81412423555992e-12,0.251144457543736,0.232,0.175,3.48130440803948e-08,"UNC93B1"
1.82590386777121e-12,0.322880490675359,0.179,0.131,3.50390952225296e-08,"GALNT11"
1.9304763584333e-12,0.255658561639557,0.313,0.248,3.70458413183351e-08,"PEX16"
1.94728329829429e-12,0.292600484187051,0.214,0.16,3.73683664942675e-08,"FAAH"
1.97331899979296e-12,0.324306561034734,0.316,0.257,3.78679916060269e-08,"TRPM4"
1.97656586227519e-12,0.608787122397729,0.107,0.07,3.79302988970609e-08,"IGLL1"
2.38075964648124e-12,0.281714410378362,0.247,0.19,4.56867776159751e-08,"P3H1"
2.42835697384174e-12,0.303290634857223,0.187,0.138,4.6600170328023e-08,"RP11-259N19.1"
2.60133480273033e-12,0.299276162430825,0.201,0.149,4.99196148643951e-08,"SLC35A2"
2.69974675119809e-12,0.365271458990676,0.177,0.13,5.18081401554913e-08,"GLYATL2"
2.86996484241994e-12,0.324879921449752,0.213,0.161,5.50746253260387e-08,"ZBTB2"
3.04126184999047e-12,0.418492166368995,0.125,0.085,5.8361814901317e-08,"POU2F2"
3.08305375918264e-12,0.271088254401798,0.282,0.22,5.91638016387149e-08,"MAP3K8"
3.2681639688081e-12,0.35431162756603,0.165,0.119,6.27160665614274e-08,"GUSB"
3.32613481267615e-12,0.409693208912442,0.128,0.088,6.38285270552554e-08,"ADAP1"
3.43921718123992e-12,-0.353620470871954,0.358,0.396,6.59985777079941e-08,"NABP1"
3.66146190864922e-12,-0.338417984130331,0.421,0.457,7.02634540269786e-08,"ERG"
4.15853016958412e-12,0.368849793661687,0.139,0.097,7.98021939543192e-08,"ZNF550"
4.34241774748151e-12,0.349524597238693,0.162,0.117,8.33309965741701e-08,"AEN"
4.68463721618905e-12,0.276095086573465,0.221,0.167,8.98981881786678e-08,"RP11-115C21.2"
4.94023688345676e-12,0.310660450840993,0.162,0.117,9.48031457935353e-08,"ABR"
5.47334686922126e-12,0.35318591914442,0.116,0.078,1.05033526420356e-07,"CBFA2T2"
5.4805142078051e-12,0.250030560444441,0.3,0.24,1.0517106764778e-07,"VRK3"
6.84421252772276e-12,0.292015166853181,0.224,0.172,1.31340438407e-07,"PGPEP1"
6.84537025312515e-12,-0.307063398872163,0.422,0.458,1.31362655157472e-07,"CSNK1E"
7.1105708285638e-12,0.38173162364324,0.129,0.089,1.36451854200139e-07,"ANXA6"
7.20889687379288e-12,-0.705310820877421,0.085,0.121,1.38338731008085e-07,"GXYLT2"
7.76145532371393e-12,0.321970917977108,0.182,0.134,1.4894232766207e-07,"SLA2"
8.50159077784e-12,0.296448179133667,0.216,0.164,1.6314552702675e-07,"COLGALT1"
8.83611689606541e-12,0.321875795829527,0.166,0.12,1.69565083235495e-07,"ZNF598"
9.81383912286136e-12,-0.296537164367369,0.493,0.519,1.88327572767709e-07,"ZNF302"
9.81631654553582e-12,0.494458029836947,0.1,0.066,1.88375114508832e-07,"GPR146"
1.03181145935492e-11,0.290874885907004,0.227,0.174,1.98004619050209e-07,"SAMM50"
1.11656968047859e-11,0.263984150147952,0.24,0.185,2.14269721683841e-07,"FN3KRP"
1.1316725909923e-11,0.278563841292739,0.249,0.194,2.17167970211422e-07,"FASTK"
1.19289096973646e-11,0.442430988833829,0.12,0.083,2.28915777092428e-07,"CD48"
1.20578527461993e-11,0.302075257067501,0.208,0.158,2.31390194199565e-07,"CLEC16A"
1.41345314451468e-11,0.343471438801515,0.144,0.102,2.71241658432367e-07,"FYN"
1.41621441173234e-11,0.268845195082746,0.231,0.177,2.71771545611436e-07,"DGCR2"
1.95026863090082e-11,0.337706691379535,0.159,0.115,3.74256550269868e-07,"SPIDR"
1.96356101514399e-11,-0.653193441489555,0.093,0.129,3.76807358806131e-07,"RP1-244F24.1"
1.99265573094176e-11,0.274799642234654,0.228,0.175,3.82390634767724e-07,"EIF2B3"
2.41597585802662e-11,0.258089530537331,0.26,0.205,4.63625767155309e-07,"RPUSD4"
2.45889742482819e-11,0.27504394488603,0.179,0.132,4.71862415824529e-07,"EHBP1L1"
2.56473267589632e-11,0.251944907139006,0.204,0.154,4.92172200504505e-07,"SLCO4A1"
2.60568865743443e-11,0.288344470836452,0.162,0.118,5.00031653361668e-07,"NBPF15"
2.96108850372794e-11,0.29928990225308,0.172,0.126,5.68232883865391e-07,"MBTPS1"
3.07440647155741e-11,-0.446839803308797,0.262,0.303,5.89978601891867e-07,"RP11-294J22.6"
3.13582934656288e-11,0.318356274324511,0.163,0.119,6.01765651605416e-07,"DHTKD1"
3.60817788283977e-11,0.269216353021932,0.222,0.171,6.92409335716953e-07,"BRF1"
3.62938715579136e-11,0.27354832819556,0.243,0.19,6.96479395196362e-07,"PSTPIP1"
3.97463949661859e-11,0.304556663517725,0.186,0.139,7.62733319401107e-07,"LIAS"
4.21717544290115e-11,0.332720735083747,0.17,0.125,8.09275967492731e-07,"MAP2K5"
4.24824608613324e-11,0.387100272502924,0.117,0.081,8.15238423928969e-07,"TYW1"
4.42090128497043e-11,0.299924146553488,0.246,0.193,8.48370956585825e-07,"NRXN2"
4.5294763172213e-11,0.351659418285215,0.149,0.108,8.69206505274768e-07,"SCPEP1"
4.88878110023532e-11,0.264771732355046,0.229,0.177,9.38157093135159e-07,"PTGER4"
5.36867361122e-11,0.300744328877165,0.125,0.087,1.03024846599312e-06,"TBL3"
5.38607458035504e-11,0.358178854413036,0.13,0.091,1.03358771197013e-06,"HOMER2"
5.59197416871107e-11,-0.287911567429933,0.508,0.54,1.07309984297566e-06,"GCSAML"
5.63114497519275e-11,0.268719244917887,0.195,0.147,1.08061672073949e-06,"DEPTOR"
5.86819817244612e-11,-0.427213147653527,0.32,0.355,1.12610722929241e-06,"RB1"
6.18857002172948e-11,0.276483984974781,0.228,0.177,1.18758658716989e-06,"DBP"
7.47381542897063e-11,0.379094363578023,0.159,0.116,1.43422518081946e-06,"DERL3"
7.95050710782954e-11,0.260752574884414,0.204,0.156,1.52570231399249e-06,"PLXNB2"
8.00123218818253e-11,0.3419454116525,0.102,0.068,1.53543645691223e-06,"ABTB2"
8.02564473396885e-11,0.30485312457154,0.17,0.127,1.54012122444862e-06,"EP400NL"
8.38288254218869e-11,0.324635856386445,0.183,0.138,1.60867515984601e-06,"MAP1A"
9.19248742461977e-11,0.355037817401065,0.163,0.121,1.76403833678453e-06,"CD244"
9.66947771844909e-11,0.263153855638227,0.25,0.198,1.85557277417038e-06,"FLII"
1.0501424116402e-10,0.282528513817157,0.249,0.197,2.01522328793754e-06,"RAD54L"
1.08117925674415e-10,0.377963839938486,0.101,0.067,2.07478299369203e-06,"NAGPA"
1.11013737150363e-10,0.368446784791333,0.114,0.079,2.13035361591547e-06,"PDCD2L"
1.18034870007201e-10,0.398455529402215,0.113,0.078,2.2650891554382e-06,"LHPP"
1.25751604747362e-10,0.251578847504118,0.18,0.134,2.41317329510187e-06,"UBE4B"
1.32301107120113e-10,0.322909680248649,0.15,0.109,2.53885824563497e-06,"FAM65B"
1.32456839965516e-10,0.256150155587956,0.241,0.189,2.54184675893826e-06,"RUFY1"
1.48398314667002e-10,0.257239406182554,0.339,0.281,2.84776365845977e-06,"RNASE2"
1.55067901094505e-10,0.306627290100105,0.213,0.166,2.97575302200355e-06,"TDP1"
1.69437464827526e-10,0.276697640973965,0.203,0.156,3.25150495004022e-06,"REXO1"
1.76739554581887e-10,-0.573714795133019,0.121,0.158,3.39163205242641e-06,"AC074117.10"
1.78696907863375e-10,-0.641315517808863,0.077,0.11,3.42919366189816e-06,"FLT3LG"
1.81239178870535e-10,0.259219667387823,0.223,0.173,3.47797984252556e-06,"SYNJ2BP"
1.88647413826254e-10,0.256738619527815,0.284,0.229,3.62014387132582e-06,"XKR8"
2.03422195921106e-10,0.329124127386756,0.154,0.113,3.90367193972602e-06,"ICA1L"
2.11301389335171e-10,0.261418311711861,0.225,0.175,4.05487366134193e-06,"ITPK1"
2.15048542278268e-10,-0.383668706855446,0.308,0.346,4.12678152631996e-06,"U2AF1"
2.38258409026898e-10,0.28919741972779,0.16,0.118,4.57217886922616e-06,"KIAA0196"
2.55606918539573e-10,0.266340766675651,0.192,0.146,4.90509676677441e-06,"APOO"
2.75421607989083e-10,0.312341424080574,0.184,0.14,5.28534065731049e-06,"DNAJC11"
2.78517925628681e-10,-0.255551777177275,0.552,0.568,5.3447589928144e-06,"AGPAT5"
2.83694861988214e-10,0.3009768352585,0.127,0.09,5.44410440155384e-06,"CSNK1G1"
3.02909465149111e-10,0.285341126802203,0.189,0.144,5.81283263621143e-06,"ZNF467"
3.14387248731919e-10,0.251143846017354,0.184,0.139,6.03309130316552e-06,"FBXO18"
3.35746076445834e-10,0.365174640673218,0.103,0.07,6.44296720699556e-06,"PPP2R3B"
3.59636965675161e-10,0.258296446961646,0.262,0.208,6.90143337130634e-06,"USP5"
3.6277264111446e-10,0.373205937219616,0.142,0.104,6.9616069829865e-06,"MIER2"
3.88079662536457e-10,0.268018471671978,0.189,0.144,7.44724872407461e-06,"PAK4"
4.09273334926249e-10,0.353246840073192,0.124,0.088,7.85395529723472e-06,"ATG7"
4.23611945627565e-10,0.280667944522973,0.209,0.163,8.12911323659297e-06,"TRAF2"
4.34857394869173e-10,0.283194472966036,0.12,0.084,8.34491340753942e-06,"KLF11"
4.37079665440768e-10,0.374730942385306,0.151,0.112,8.38755877980834e-06,"GADD45B"
4.62809480945151e-10,0.251975354344227,0.272,0.219,8.88131393933745e-06,"C11orf71"
4.78645172831127e-10,0.303969028279786,0.171,0.129,9.18520086662932e-06,"KIF1B"
4.87793154431807e-10,0.268083146851708,0.211,0.164,9.36075063354638e-06,"NCOA5"
5.20867874617726e-10,0.312070324972324,0.118,0.083,9.99545451391417e-06,"POLRMT"
5.24265173064066e-10,0.321634667088389,0.175,0.133,1.00606486710994e-05,"NT5DC1"
5.32644998815457e-10,-0.546791758288215,0.116,0.152,1.02214575272686e-05,"ZNF429"
5.41709805505483e-10,0.273081199663624,0.2,0.154,1.03954111676502e-05,"TRIM11"
5.79833697795997e-10,0.253961373105078,0.26,0.208,1.11270086607052e-05,"AGBL5"
5.87545159855319e-10,0.289952299920671,0.147,0.107,1.12749916176236e-05,"UQCC1"
5.96157256114669e-10,-0.34284746211916,0.364,0.396,1.14402577448405e-05,"ODF3B"
6.09363716905687e-10,0.259158340552642,0.19,0.146,1.16936897274201e-05,"ARFGEF2"
6.25915771218172e-10,-0.394933015437672,0.285,0.326,1.20113236496767e-05,"CLEC12A"
6.92138797367314e-10,0.378109256590684,0.11,0.077,1.32821435214788e-05,"MROH1"
7.14898092877365e-10,0.460842317074386,0.106,0.074,1.37188944023166e-05,"AMDHD2"
7.40689755764103e-10,-0.327698869721356,0.304,0.344,1.42138364131131e-05,"ZNF431"
8.69110892073171e-10,0.305379499845717,0.117,0.082,1.66782380188842e-05,"PALD1"
8.76634424792772e-10,0.293374105118421,0.194,0.15,1.68226146117733e-05,"GOLGA2"
9.50543745134807e-10,0.276498368814273,0.154,0.115,1.82409344691369e-05,"PACS2"
1.01816428151598e-09,0.360017196674349,0.11,0.077,1.95385725622916e-05,"ADGRE1"
1.02879539277461e-09,0.4038054007686,0.112,0.079,1.97425835873448e-05,"AP3S2"
1.11983585758581e-09,0.26924234993948,0.173,0.131,2.14896501070717e-05,"GLB1"
1.1359150983671e-09,0.29465019863283,0.139,0.101,2.17982107376646e-05,"RCAN1"
1.16748304917661e-09,0.272191585410151,0.198,0.154,2.24039997136992e-05,"MECR"
1.35015767648478e-09,0.324075566207208,0.123,0.088,2.5909525811743e-05,"PEX14"
1.37860261768822e-09,0.288220548181056,0.151,0.111,2.6455384233437e-05,"ZNF350"
1.43831822039453e-09,-0.33112836726966,0.506,0.527,2.7601326649371e-05,"S100A10"
1.44772548713305e-09,0.279897406667642,0.181,0.139,2.77818520980832e-05,"C10orf2"
1.50076183705517e-09,-0.404380778067367,0.261,0.298,2.87996196530887e-05,"PPP1R3E"
1.50832476888307e-09,0.258386199790947,0.145,0.106,2.89447523148661e-05,"POMGNT2"
1.52832106318726e-09,0.269461551593188,0.224,0.178,2.93284812025634e-05,"FURIN"
1.54186657649168e-09,0.339007439284353,0.155,0.116,2.95884196028753e-05,"HSD17B8"
1.62148698523567e-09,0.268888843597651,0.173,0.132,3.11163352466725e-05,"CPTP"
1.69427921397555e-09,0.301459909961775,0.13,0.095,3.25132181161909e-05,"VIPAS39"
1.74101441804826e-09,0.3173025382221,0.148,0.11,3.34100666823462e-05,"SEMA4A"
1.81009928259042e-09,-0.408309160343283,0.229,0.267,3.47358052329101e-05,"CYP2R1"
1.81255339552202e-09,0.373581407721145,0.117,0.084,3.47828996600675e-05,"C11orf49"
1.96134710657265e-09,0.269000569771606,0.165,0.125,3.76382509751291e-05,"MAML3"
2.00952769865194e-09,-0.269186111341126,0.548,0.558,3.85628365371308e-05,"AZI2"
2.03527033570759e-09,-0.58975187842633,0.099,0.133,3.90568377422286e-05,"NSUN3"
2.22624991903746e-09,0.331217069106219,0.145,0.108,4.27217359463289e-05,"TRAPPC12"
2.23873205097464e-09,0.276532510864325,0.14,0.103,4.29612680582033e-05,"OMA1"
2.25658129893381e-09,0.329192711261552,0.145,0.108,4.33037951265399e-05,"SLC7A6OS"
2.27690691017357e-09,-0.452841524484385,0.174,0.213,4.36938436062308e-05,"PHC2"
2.29626215964384e-09,0.33073398868841,0.138,0.101,4.40652708435654e-05,"LINC00539"
2.47970984973329e-09,0.250987401869005,0.203,0.159,4.75856320163819e-05,"AMPD2"
2.62971561763249e-09,0.255328158816134,0.131,0.095,5.04642427023674e-05,"PNPLA6"
2.63616308177298e-09,0.285532923419372,0.143,0.105,5.05879695392235e-05,"TYK2"
2.67006905918598e-09,-0.550625116811421,0.165,0.2,5.12386252457789e-05,"METAP1D"
2.786636450159e-09,0.27222489707423,0.193,0.149,5.34755534785512e-05,"SLC37A1"
3.2909743531939e-09,0.271197706484702,0.147,0.109,6.31537978377909e-05,"FAM193A"
3.46919592947349e-09,0.263180167896132,0.169,0.129,6.65738698865963e-05,"ICA1"
3.85310364069841e-09,0.293459157042387,0.105,0.073,7.39410588650025e-05,"HPS6"
4.23199668254932e-09,0.280124875726334,0.173,0.133,8.12120163381215e-05,"PLEKHA2"
4.25542397005272e-09,0.258879791545777,0.17,0.13,8.16615859853118e-05,"TCF7L2"
4.3636972658067e-09,0.27132513455597,0.137,0.101,8.37393505308305e-05,"C3orf80"
4.52766819336199e-09,0.28197055020343,0.13,0.095,8.68859526306166e-05,"SLC23A2"
4.5755414582432e-09,-0.642559728222819,0.087,0.117,8.7804640583687e-05,"ZNF286A"
4.61562528101567e-09,0.32164640233316,0.136,0.1,8.85738491426906e-05,"SLC22A16"
5.01833930208112e-09,0.252063212950817,0.184,0.142,9.63019312069367e-05,"IKBKG"
5.38626851921721e-09,0.321277039613835,0.13,0.095,0.000103362492883778,"ULK4"
6.04708356450889e-09,-0.440072324457478,0.187,0.222,0.000116043533602926,"PRMT9"
6.46753788075586e-09,0.281920132861638,0.149,0.112,0.000124112051931705,"ADCK2"
6.71434598805887e-09,-0.274846951773275,0.457,0.478,0.00012884829951085,"KIAA0907"
6.99228710049892e-09,0.271188453243261,0.151,0.114,0.000134181989458574,"FECH"
7.24478144428828e-09,0.268727827301432,0.156,0.117,0.000139027355915892,"GNPDA1"
7.29720952193789e-09,0.373298205651481,0.102,0.072,0.000140033450725988,"FLT3"
7.5272161455272e-09,0.374412608446834,0.127,0.094,0.000144447277832667,"CFP"
8.01895004043212e-09,0.34004330880201,0.121,0.088,0.000153883651275892,"HAGHL"
8.30894448587606e-09,0.373125244713884,0.114,0.082,0.000159448644683962,"CWF19L1"
8.72671860360003e-09,0.340772641466671,0.122,0.089,0.000167465730003085,"DDX28"
9.29086113284983e-09,0.260070994570063,0.133,0.098,0.000178291625139388,"PROSER2"
1.10314512915146e-08,-0.386359031697029,0.252,0.289,0.000211693550284166,"RGS18"
1.14275115566002e-08,0.264933687847141,0.179,0.139,0.000219293946771159,"ABLIM1"
1.15473470817273e-08,-0.626729115032489,0.081,0.11,0.000221593590498346,"AP001055.6"
1.21406070718611e-08,-0.558306075865646,0.14,0.174,0.000232978249709015,"CDKN1C"
1.22708134632023e-08,0.260334091633602,0.156,0.118,0.000235476910358852,"TMEM143"
1.24181639667916e-08,0.280090161481778,0.175,0.135,0.00023830456652273,"SHMT1"
1.30593383257655e-08,0.309633972041851,0.106,0.076,0.00025060870247144,"MIATNB"
1.36287712001901e-08,0.337679749838654,0.114,0.083,0.000261536119331648,"ASB9"
1.37704563420599e-08,0.294375213121273,0.136,0.101,0.00026425505720413,"PHRF1"
1.43936146803024e-08,0.278425324836679,0.124,0.091,0.000276213465715004,"AARS"
1.46392426958912e-08,0.302836252653156,0.127,0.094,0.000280927067334151,"RAB40B"
1.50701000167445e-08,0.334027254550815,0.102,0.072,0.000289195219321326,"P2RX5"
1.56092159234947e-08,0.276381975424048,0.172,0.133,0.000299540853571864,"NFATC2"
1.57337761058353e-08,0.285929049746413,0.145,0.109,0.00030193116347098,"NLRP2"
1.58065483533561e-08,-0.33973243519854,0.345,0.38,0.000303327662900903,"BTG2"
1.6660870359571e-08,0.295358167291477,0.138,0.103,0.000319722102200168,"CHRNA5"
1.68363945454639e-08,-0.607582693801407,0.094,0.125,0.000323090411327453,"CTD-3074O7.5"
1.75635610438544e-08,0.368115182289894,0.11,0.08,0.000337044736431567,"AC004951.6"
1.7950011034029e-08,0.260535719315244,0.159,0.121,0.000344460711743017,"CUL1"
1.84550142333074e-08,0.358983249943621,0.113,0.082,0.000354151723137169,"MED25"
1.91373671837219e-08,0.258477095625299,0.148,0.112,0.000367246076255623,"ZZEF1"
1.96931420749307e-08,-0.497244763103548,0.153,0.186,0.000377911396417921,"SKIL"
2.07332328497383e-08,0.280554037723737,0.178,0.139,0.000397870738386479,"STX3"
2.19203196499538e-08,-0.424992116851673,0.262,0.295,0.000420650934082613,"SYMPK"
2.45707311067841e-08,0.374443374337271,0.105,0.075,0.000471512329939187,"MPND"
3.72030934934972e-08,0.276019118380257,0.151,0.115,0.000713927364140212,"RPP40"
3.89760910791399e-08,0.34303468561902,0.11,0.08,0.000747951187808695,"KCNG2"
3.94336854090291e-08,0.264007883510701,0.156,0.12,0.000756732422999268,"ARFGAP1"
4.03432207686878e-08,0.292515781139993,0.132,0.099,0.000774186406551119,"SLC18B1"
4.459527000186e-08,0.255656779865394,0.144,0.109,0.000855783231335694,"SPATA20"
4.55904451537837e-08,0.325882218545827,0.121,0.09,0.00087488064250111,"CAPN15"
4.65411216323027e-08,0.269924349068941,0.133,0.1,0.000893124124123889,"CTD-2553L13.10"
5.02822217615306e-08,-0.55000483924863,0.107,0.137,0.000964915835603772,"CFAP161"
5.12789099325501e-08,0.25606650960143,0.145,0.111,0.000984042281605636,"ICAM4"
5.19463004236204e-08,0.266345319506974,0.101,0.072,0.000996849505129275,"IGSF8"
5.25490610349704e-08,0.319653148023591,0.115,0.084,0.00100841648126108,"THRA"
5.3660610434918e-08,0.255942530412698,0.167,0.13,0.00102974711424608,"CDPF1"
6.2752994578455e-08,0.283613306059848,0.126,0.094,0.00120422996596055,"BST1"
7.02616881500974e-08,0.315574145030205,0.115,0.085,0.00134832179560037,"EXT2"
7.78478875265763e-08,0.254595161437459,0.147,0.113,0.001493900961635,"DFFB"
8.05796507746583e-08,0.292643894196609,0.153,0.119,0.00154632349836569,"KDM1B"
8.17313032020523e-08,0.307940433894538,0.126,0.095,0.00156842370844738,"TTC7A"
9.09222476861042e-08,0.265587060521633,0.133,0.101,0.00174479793309634,"SMIM14"
9.27562130894147e-08,0.260114299326068,0.139,0.106,0.00177999172918587,"CLPB"
9.71137340866736e-08,0.275780969160599,0.147,0.113,0.00186361255712327,"DENND3"
9.97779884849029e-08,0.268446756237739,0.16,0.123,0.00191473959902529,"CYFIP1"
1.19503835433906e-07,0.329449001467387,0.122,0.092,0.00229327860197666,"ENTPD5"
1.22325834962432e-07,0.309176580832405,0.117,0.088,0.00234743277292907,"MCU"
1.23193648486376e-07,0.259478675062282,0.146,0.112,0.00236408611445356,"C7orf26"
1.24438022620876e-07,0.328907480358213,0.113,0.083,0.00238796565409461,"GPM6B"
1.31353453901086e-07,0.295359893282114,0.119,0.089,0.00252067278036183,"TET1"
1.32336786364923e-07,-0.454737724915543,0.192,0.223,0.00253954293034286,"ANKRD36"
1.3265896158446e-07,0.355948874307016,0.1,0.073,0.00254572547280578,"CEP131"
1.33438789615601e-07,0.294750362393443,0.125,0.094,0.00256069037272337,"PDE6B"
1.40146461858536e-07,0.273596550855753,0.123,0.092,0.00268941060306531,"PLOD1"
1.47151110230046e-07,0.25966591751495,0.125,0.094,0.00282382980531458,"RP1-34B20.21"
1.62714614333177e-07,0.275276163130552,0.157,0.123,0.00312249344905367,"PEX26"
1.71268290166915e-07,-0.436471354287836,0.163,0.194,0.00328663848830311,"ATE1"
1.88068340652485e-07,-0.274533435060781,0.537,0.561,0.0036090314571212,"MDK"
1.92551684858268e-07,0.321911560702106,0.106,0.078,0.00369506683243016,"PCCA"
1.94297680577537e-07,0.267472460146737,0.13,0.099,0.00372857249028294,"TBCE"
2.09323309627346e-07,0.297935947342152,0.115,0.086,0.00401691431174878,"TELO2"
2.18348259271148e-07,-0.575150224492399,0.079,0.104,0.00419010309541334,"RP11-473M20.16"
2.19681857406802e-07,-0.567898199248832,0.104,0.132,0.00421569484363652,"FAM41C"
2.25522077853586e-07,0.28209542324762,0.138,0.106,0.00432776867401031,"PINK1"
2.36826538921472e-07,-0.455224300298124,0.16,0.191,0.00454470128190304,"DDX39B"
2.41119467150579e-07,-0.651538611275734,0.103,0.131,0.00462708257461961,"TNF"
2.60319859102773e-07,0.2997569029158,0.102,0.075,0.00499553809618222,"C1orf159"
2.64029634225557e-07,0.270115190225279,0.131,0.1,0.00506672868078844,"ZNF793"
2.76231197460777e-07,0.255481986930927,0.11,0.082,0.00530087667927232,"SNX29"
2.94480638940905e-07,0.358005149013157,0.11,0.083,0.00565108346127598,"MVK"
3.23544286155147e-07,0.325630692339712,0.116,0.088,0.00620881485131727,"LSG1"
3.42863266286009e-07,0.324508643633119,0.1,0.074,0.00657954608002852,"CHPF2"
3.47286589646858e-07,0.314886580835722,0.109,0.081,0.00666442965532321,"LRRC25"
4.11221661551795e-07,0.252280581592892,0.127,0.096,0.00789134368517895,"SETMAR"
4.45070577483054e-07,0.278294171101833,0.114,0.086,0.0085409043818998,"SCRIB"
4.52350875631819e-07,-0.303498259508354,0.311,0.34,0.00868061330337461,"NBPF14"
4.82722497644697e-07,0.263566100474741,0.1,0.073,0.00926344472980173,"EXO1"
5.05206377338391e-07,0.261520004628916,0.128,0.099,0.00969491038112372,"SS18L1"
5.44233821295355e-07,-0.517393021470985,0.105,0.132,0.0104438470306579,"ZNF585A"
6.0136479140619e-07,0.257467413366137,0.105,0.077,0.0115401903470848,"MIRLET7BHG"
6.17755969052903e-07,0.377348993680259,0.111,0.084,0.0118547370461252,"TMIGD2"
6.22250860636591e-07,-0.526440837033105,0.095,0.121,0.0119409940156162,"TRGC2"
7.54497618454489e-07,0.296735689508281,0.107,0.081,0.0144788092981416,"PLOD3"
7.85616557280032e-07,-0.413497164606289,0.197,0.227,0.0150759817342038,"CTD-2020K17.1"
8.19033473611878e-07,0.268704322464421,0.108,0.081,0.0157172523586119,"PKD1"
8.47049094525103e-07,-0.286888655369331,0.46,0.474,0.0162548721239367,"ID1"
8.62099607901309e-07,0.289845411002787,0.111,0.083,0.0165436914756261,"ERC1"
9.0790113058661e-07,-0.525194983246209,0.121,0.148,0.0174226226959571,"ANKRD9"
9.18179873302991e-07,0.295282876644219,0.105,0.079,0.0176198717686844,"SCAPER"
9.23675205642047e-07,0.300219074704296,0.11,0.083,0.0177253271962709,"CCDC69"
9.2555119528236e-07,0.285981669130158,0.105,0.079,0.0177613274374685,"RNASE3"
9.29354415559603e-07,0.311739765114051,0.105,0.079,0.0178343112345888,"RPAP1"
9.30769761472393e-07,0.257287068303016,0.132,0.102,0.0178614717226552,"TRAF3IP1"
9.75177830998443e-07,-0.250291552346102,0.462,0.476,0.0187136625768601,"NUTM2A-AS1"
1.00605465094917e-06,-0.275242570379544,0.189,0.221,0.0193061887517145,"MCEMP1"
1.00620079874453e-06,-0.271612486364879,0.534,0.547,0.0193089933279076,"CYTL1"
1.13793908352693e-06,0.267657024139821,0.102,0.076,0.0218370510128818,"KBTBD4"
1.17896450136073e-06,-0.288971990331976,0.38,0.402,0.0226243287811124,"BRD9"
1.20334190925536e-06,-0.452346334410058,0.133,0.161,0.0230921312386104,"IER3"
1.23354976118713e-06,0.303889873276868,0.131,0.101,0.023671819917181,"AC002454.1"
1.38630275772508e-06,-0.375724679775974,0.177,0.207,0.0266031499207442,"ISG20"
1.65221500216337e-06,-0.373517930406548,0.182,0.212,0.031706005891515,"NMB"
1.89858725198242e-06,-0.308186654925297,0.312,0.338,0.0364338893655426,"C8orf88"
2.00731684189458e-06,0.260458015080784,0.135,0.106,0.038520410195957,"MNT"
2.19909835763941e-06,0.25673687491395,0.116,0.089,0.0422006974831002,"TRPV2"
2.31521173769586e-06,-0.401799956713787,0.191,0.218,0.0444289132463836,"ZNF100"
2.60857299692774e-06,0.250027090667954,0.136,0.107,0.0500585158110434,"RSPRY1"
2.96388619893444e-06,0.253803060784199,0.139,0.11,0.0568769761575518,"TMEM39A"
3.15056764088062e-06,0.289752112699747,0.129,0.102,0.0604593930284991,"PLTP"
3.82781040051564e-06,-0.486922696496651,0.082,0.105,0.0734556815858951,"CPA3"
4.36931793613057e-06,0.26397643083961,0.11,0.084,0.0838472111943457,"VPS8"
5.35060784420162e-06,-0.360951553707007,0.255,0.281,0.102678164530229,"HEXIM1"
5.9683750838086e-06,0.256575477880576,0.122,0.096,0.114533117858287,"GNL3L"
6.29412649465357e-06,-0.316704196937265,0.267,0.291,0.120784287432402,"RMND5B"
6.45443421745954e-06,-0.390932429526018,0.147,0.174,0.123860592633049,"RHOQ"
7.45872023362541e-06,-0.254558741903296,0.456,0.468,0.143132841283272,"FAM111A"
7.91205914726939e-06,-0.267877598890583,0.322,0.345,0.1518324150361,"CEP170"
8.98590578724047e-06,0.270712078275527,0.168,0.139,0.172439532057145,"RP11-84C10.2"
9.85657895794083e-06,-0.468171232492957,0.112,0.136,0.189147750202884,"AC007246.3"
1.05765166627859e-05,-0.271539400539739,0.326,0.349,0.202963354758861,"CXorf40B"
1.17495493392355e-05,0.278432485008774,0.106,0.082,0.225473851819929,"FHOD1"
1.25922282585722e-05,0.267596458493942,0.127,0.101,0.241644860282001,"ARMT1"
1.27204580510484e-05,0.253161929734739,0.112,0.087,0.24410558999962,"SCLY"
1.37520597784335e-05,-0.339965205800223,0.219,0.245,0.263902027148139,"RANBP9"
1.59801017683272e-05,-0.435643551101083,0.121,0.146,0.306658152934198,"TMEM106A"
1.64809388744286e-05,0.254529768429625,0.118,0.094,0.316269217000285,"ZSCAN2"
1.67469339600248e-05,-0.400430544010696,0.192,0.216,0.321373662692877,"NLRC3"
2.00727687949581e-05,-0.380582107801814,0.162,0.187,0.385196433175245,"RFNG"
2.15525591305236e-05,-0.421174430464561,0.118,0.141,0.413593609714748,"CDKN1A"
2.26969982273819e-05,-0.315686006558913,0.205,0.23,0.435555395983458,"SCAI"
2.40419637889021e-05,-0.554163437393922,0.093,0.114,0.461365285109031,"STON2"
2.43882299856973e-05,-0.420070800507769,0.266,0.291,0.46801013342553,"ISG15"
2.75337725562416e-05,-0.26679348671629,0.285,0.31,0.528373095354276,"ZFP91"
2.81496377603063e-05,-0.327991325326784,0.145,0.171,0.540191548620278,"TCTEX1D1"
2.84954149806158e-05,0.25109314280211,0.101,0.079,0.546827013478017,"NUDT18"
3.80484683945514e-05,-0.324907371892185,0.114,0.138,0.730150108491442,"WFDC1"
4.42611359192335e-05,-0.436672632593371,0.122,0.144,0.849371198290091,"AC108488.4"
4.88223707841099e-05,-0.377064598781252,0.162,0.185,0.936901295347069,"VEGFB"
5.27319750236201e-05,-0.362838371361246,0.167,0.191,1,"F12"
6.05765350657838e-05,-0.472160922246681,0.118,0.139,1,"AK1"
6.09913176786234e-05,-0.36826987005106,0.18,0.203,1,"ESAM"
6.4226087836433e-05,-0.397397164647586,0.181,0.204,1,"FASTKD2"
6.99831283962909e-05,-0.453571785065437,0.105,0.126,1,"RP11-545E17.3"
7.26368650938592e-05,-0.367503540607936,0.134,0.156,1,"B3GAT2"
9.22465617232001e-05,0.275697745428294,0.105,0.084,1,"MALT1"
0.000105349682006869,-0.302010575170358,0.278,0.295,1,"UBA3"
0.000128582870950392,0.251518252241984,0.108,0.087,1,"SGK494"
0.00013090678142008,0.265845441344426,0.102,0.082,1,"PTGR1"
0.000153557824379206,-0.420470688134674,0.117,0.138,1,"SELM"
0.000163520198589759,-0.276910841255183,0.355,0.366,1,"CLDND1"
0.00023032476991027,-0.28487882370549,0.255,0.275,1,"UBR4"
0.000253135602764658,-0.302518238158188,0.222,0.243,1,"XPO4"
0.000257240231965597,-0.253127839820673,0.319,0.335,1,"KLF6"
0.000283468591967539,-0.292086634227337,0.251,0.268,1,"CDYL"
0.000304264354977634,-0.287384179583446,0.255,0.274,1,"LOXL1-AS1"
0.000440759720165635,-0.490406564393711,0.103,0.121,1,"RGS16"
0.000479199435829008,-0.384619954989664,0.122,0.141,1,"ZBTB48"
0.000542741072192887,-0.444163852760274,0.097,0.114,1,"WDR37"
0.000566817506256602,-0.372739731547163,0.184,0.203,1,"GBP4"
0.000575007576408823,-0.265023113045058,0.259,0.277,1,"SOCS4"
0.000610540775824111,-0.385415419777918,0.122,0.14,1,"LTN1"
0.000617538248524659,-0.319349942646729,0.149,0.168,1,"CTC-260E6.6"
0.000668287992089003,-0.370849415253953,0.132,0.15,1,"SLC39A13"
0.000704787006870397,-0.318034853040132,0.209,0.227,1,"RAD52"
0.000742466185232432,-0.264149520507809,0.244,0.261,1,"MDP1"
0.000809444523085342,-0.384433362601206,0.144,0.162,1,"AC009403.2"
0.000825909923190659,-0.353132129449698,0.281,0.297,1,"CRHBP"
0.000863354416953651,-0.314041881563255,0.145,0.164,1,"SMN1"
0.000882414891748963,-0.394665417995238,0.097,0.114,1,"KLHL28"
0.000996049274861704,-0.257829988851964,0.279,0.294,1,"CRLF3"
0.00107131196195723,-0.25688687019329,0.262,0.279,1,"C16orf52"
0.00108038183020027,-0.253245476656574,0.433,0.433,1,"ITGAL"
0.00126380691599161,-0.374008451071864,0.122,0.139,1,"TRAPPC13"
0.00138689145152578,-0.262237192995756,0.317,0.33,1,"CXCR4"
0.00153419500154277,-0.381431850979659,0.116,0.133,1,"ZNF561"
0.00162382821695498,-0.340892808093232,0.15,0.167,1,"IKZF2"
0.00177572359079754,-0.287078434026211,0.205,0.221,1,"CNST"
0.00204142068470207,-0.26682894853778,0.246,0.261,1,"MBD2"
0.00208795523186276,-0.354416084803366,0.13,0.146,1,"FAM83D"
0.00229106041203672,-0.330315183702626,0.211,0.225,1,"CTD-3252C9.4"
0.00231346824300452,-0.281555876437948,0.19,0.207,1,"KCNMB1"
0.00233050291304781,-0.347581323377057,0.092,0.107,1,"FLJ27354"
0.00240968440457003,-0.320242267324708,0.181,0.197,1,"CLASP2"
0.00306153645161895,-0.319315581397045,0.112,0.128,1,"ARHGEF39"
0.00321087755480099,-0.379581074815405,0.108,0.123,1,"LIN9"
0.00322472567580629,-0.353482226177559,0.103,0.117,1,"MAN2C1"
0.00329099151506697,-0.270604367761107,0.153,0.17,1,"TMEM154"
0.00331400800170374,-0.28437768874444,0.241,0.256,1,"BCOR"
0.00342096532528973,-0.289395236555233,0.143,0.16,1,"ZFYVE27"
0.00353028493871284,-0.27708033445079,0.286,0.297,1,"ABCA7"
0.00368504147813009,-0.343346939224298,0.171,0.185,1,"RP11-295G20.2"
0.00387774357209712,-0.302388754219654,0.112,0.127,1,"TRG-AS1"
0.00402257803597602,-0.36808474964017,0.097,0.111,1,"ZNF529-AS1"
0.00452609277269158,-0.252504347714519,0.269,0.28,1,"MAST4"
0.00501159871771446,-0.284239360709111,0.333,0.34,1,"CDKN2D"
0.00521614488705029,-0.272622933896309,0.221,0.234,1,"NHLRC2"
0.00568149142737346,-0.276320494664859,0.091,0.106,1,"PHC3"
0.00638605615693751,-0.284270221881487,0.208,0.221,1,"CTA-292E10.6"
0.00646282955224918,-0.264724482023779,0.158,0.173,1,"CLOCK"
0.00674900162800329,-0.334626854988833,0.122,0.136,1,"RP11-367G6.3"
0.00787610145955598,-0.320728227345896,0.147,0.16,1,"PEA15"
0.00840611195316223,-0.307105619386659,0.169,0.182,1,"ITCH"
0.009404763300758,-0.288389126197435,0.226,0.236,1,"ACACA"
0.009976181371808,-0.273005288569077,0.113,0.127,1,"MFAP3L"
0.0102201653263328,-0.316651313346256,0.175,0.188,1,"MTURN"
0.0115717056053711,-0.278506497739794,0.2,0.213,1,"GIGYF1"
0.0121465614200595,-0.272584708962958,0.142,0.156,1,"ANXA1"
0.0134304224388369,-0.376012198984744,0.124,0.136,1,"TRIM59"
0.0136338414500945,-0.321127922513088,0.227,0.235,1,"PPIL2"
0.0144869242950407,-0.26434025997699,0.172,0.184,1,"IL18R1"
0.0145094645295666,-0.337102803226428,0.1,0.112,1,"IL1RAP"
0.0155847652604563,-0.250103344475487,0.313,0.319,1,"RP11-251M1.1"
0.0159071029510225,-0.28056964232301,0.203,0.214,1,"CPNE8"
0.0177692641760758,-0.298820229006931,0.139,0.151,1,"BRD8"
0.0189225430535746,-0.484123621314207,0.165,0.177,1,"MT1X"
0.0197334275066982,-0.281303319423616,0.102,0.114,1,"RYK"
0.0210313017660669,-0.290738245146009,0.136,0.147,1,"KCNE3"
0.0268150622116845,-0.325202709587162,0.119,0.13,1,"CBWD7"
0.0282935225990759,-0.255720608906298,0.221,0.229,1,"MPPE1"
0.0298620453949661,-0.311507944488049,0.092,0.102,1,"ZDHHC18"
0.031480520307801,-0.347209613671211,0.093,0.103,1,"TMTC3"
0.033941416211893,-0.29808831390868,0.158,0.168,1,"GEN1"
0.0378329385175099,-0.292440292327707,0.091,0.1,1,"ZBTB26"
0.0416369967606455,-0.29825209408187,0.1,0.109,1,"FAM171B"
0.0423212743441838,-0.252548068248999,0.125,0.135,1,"LY75"
0.0463518614823611,-0.328438670228135,0.132,0.141,1,"AFF4"
0.0595754742826577,-0.2753825791965,0.134,0.144,1,"PTGIR"
0.0602719914397076,-0.282632977578132,0.103,0.112,1,"GOLGA8N"
0.0711825259096866,-0.256498702523873,0.123,0.131,1,"MARCH9"
0.0729597449902902,-0.308872807827669,0.103,0.111,1,"SBF2-AS1"
0.0787206770226275,-0.298947627339755,0.136,0.144,1,"ADGRE2"
0.0794371590061,-0.269855358997711,0.195,0.201,1,"FAM64A"
0.0813648476284986,-0.255451725844919,0.15,0.157,1,"KPNA5"
0.0882780913402867,-0.251231159473146,0.106,0.114,1,"KIFC3"
0.0886918599539299,-0.257696235656327,0.127,0.135,1,"FAM72B"
0.0940311547738949,-0.255781925865338,0.191,0.197,1,"IRF7"
0.104055674579031,-0.328746771260294,0.102,0.109,1,"SLC35G1"
0.104445575931023,-0.263591248771222,0.143,0.15,1,"NBEAL2"
0.110270243602953,-0.280730749461644,0.109,0.116,1,"ZSCAN26"
0.113499845758059,-0.257025866918768,0.147,0.154,1,"C18orf54"
0.126177223493096,-0.257608195263916,0.185,0.189,1,"RP11-841O20.2"
0.134158868432845,-0.300292996877131,0.15,0.157,1,"HSPA1A"
0.137392115908055,-0.260635721902937,0.112,0.118,1,"YOD1"
0.139068033769585,-0.282731733751675,0.12,0.126,1,"KLHL20"
0.144425327195285,-0.291547714113003,0.135,0.141,1,"PDCD4-AS1"
0.160428405904459,-0.450015120337365,0.355,0.331,1,"LYZ"
0.192702177323209,-0.269111975260198,0.15,0.156,1,"CXCL2"
0.233898604442208,-0.282832763425576,0.108,0.112,1,"APOBR"
0.248126454095069,-0.281174660666003,0.102,0.106,1,"ZNF740"
0.314543587309628,-0.250730211521378,0.111,0.114,1,"DMTF1"
0.484607487594662,-0.282071118082284,0.136,0.136,1,"CA11"
0.548505017135225,-0.268948354998383,0.144,0.144,1,"ECHDC2"
